Cultivar,Empresa,Floracion_dias,Altura_cm,Densidad_sem,Rendimiento,Aceite_porcentaje,Rendimiento_Ajustado,Campania,Localidad,Latitud,Longitud,Ensayo,Tipo Ensayo,Epoca,Distancia_surcos,Tipo_Siembra,Densidad_siembra,Fecha_Siembra,Testigo,Visible
ACA 203,ACA,,,43594,2688,43.89,2739,2010-2011,General Pico,-35.66668639,-63.75004639,General Pico  2010-2011,Convencional,Normal,70,Directa,43000,,NO,SI
ACA 203,ACA,,,45370,1080,43.16,1093,2010-2011,Villa Mirasol,-36.10005167,-63.88339056,Villa Mirasol  2010-2011,Convencional,Normal,,,,,NO,SI
ACA 203,ACA,81,197,,3130,40.89,3095,2011-2012,Reconquista,-29.14952389,-59.66645806,Reconquista  2011-2012,Convencional,Normal,,,,07/09/2011,SI,NO
ACA 203 CL,ACA,77,,65171,4775,45.8,4956,2007-2008,Anguil,-36.516765,-64.01673306,Anguil  2007-2008,Clearfield,Normal,70,Convencional,62000,25/102007,NO,SI
ACA 203 CL,ACA,77,157,62112,4284,47.83,4534,2007-2008,Balcarce,-37.84985917,-58.26744333,Balcarce  2007-2008,Clearfield,Normal,70,Directa,59000,30/10/2007,NO,SI
ACA 203 CL,ACA,80,159,47619,2165,45.16,2233,2007-2008,Las Toscas,-28.34944556,-59.26643694,Las Toscas  2007-2008,Clearfield,Normal,70,Convencional,45000,27/8/2007,NO,SI
ACA 203 CL,ACA,58,185,41799,2363,36.46,2232,2007-2008,Manfredi,-31.83306333,-63.75004361,Manfredi  2007-2008,Clearfield,Normal,70,Directa,44000,11/12/2007,NO,SI
ACA 203 CL,ACA,79,165,46561,3357,40.72,3314,2007-2008,Reconquista,-29.14952389,-59.66645806,Reconquista  2007-2008,Clearfield,Normal,70,Convencional,46000,24/8/2007,NO,SI
ACA 203 CL,ACA,80,115,61867,2027,47.17,2132,2008-2009,Balcarce,-37.84985917,-58.26744333,Balcarce  2008-2009,Clearfield,Normal,70,Directa,51000,23/10/2008,NO,SI
ACA 203 CL,ACA,73,118,45918,2119,42.89,2138,2008-2009,Barrow,-38.311904,-60.231644,Barrow  2008-2009,Clearfield,Normal,70,Convencional,46000,6/11/2008,NO,SI
ACA 203 CL,ACA,76,205,,5054,47.4,5327,2008-2009,Bellocq,-35.932778,-61.487778,Bellocq  2008-2009,Clearfield,Normal,70,Convencional,,16/10/2008,NO,SI
ACA 203 CL,ACA,62,182,41937,2739,44.1,2797,2008-2009,Manfredi,-31.83306333,-63.75004361,Manfredi  2008-2009,Clearfield,Normal,70,Directa,,6/11/2008,NO,SI
ACA 203 CL,ACA,60,157,38548,1806,43.07,1825,2008-2009,Manfredi,-31.83306333,-63.75004361,Manfredi  2008-2009,Clearfield,Normal,70,Directa,,6/11/2008,NO,SI
ACA 203 CL,ACA,84,116,52000,703,,,2008-2009,Mercedes,-34.66661194,-59.43311139,Mercedes  2008-2009,Clearfield,Normal,70,Directa,55000,4/9/2008,NO,SI
ACA 203 CL,ACA,73,140,58333,2336,45.65,2421,2008-2009,Rancul,-35.0666525,-64.68345083,Rancul  2008-2009,Clearfield,Normal,52,Directa,42000,4/11/2008,NO,SI
ACA 203 CL,ACA,84,125,46561,1499,47.81,1586,2008-2009,Reconquista,-29.14952389,-59.66645806,Reconquista  2008-2009,Clearfield,Normal,70,Directa,47000,25/8/2008,NO,SI
ACA 203 CL,ACA,63,175,67016,2510,47.23,2641,2009-2010,Balcarce,-37.84985917,-58.26744333,Balcarce  2009-2010,Convencional,Normal,52,Directa,50000,16/11/2009,NO,SI
ACA 203 CL,ACA,68,,45918,1423,47.76,1505,2009-2010,Barrow,-38.311904,-60.231644,Barrow  2009-2010,Convencional,Normal,52,Directa,,29/10/2009,NO,SI
ACA 203 CL,ACA,75,217,,4642,45.46,4803,2009-2010,Bellocq,-35.932778,-61.487778,Bellocq  2009-2010,Convencional,Normal,52,Directa,,27/10/2009,NO,SI
ACA 203 CL,ACA,75,200,52381,2353,48.04,2495,2009-2010,General Belgrano,-35.7666875,-58.4997,General Belgrano  2009-2010,Convencional,Normal,52,Convencional,48000,07/10/2009,NO,SI
ACA 203 CL,ACA,60,157,38548,1806,43.07,1825,2009-2010,Manfredi,-31.83306333,-63.75004361,Manfredi  2009-2010,Clearfield,Normal,70,Directa,39000,19/11/2009,NO,SI
ACA 203 CL,ACA,,,,2367,56.7,2715,2009-2010,Parana,-31.73305611,-60.53317889,Parana  2009-2010,Convencional,Normal,,,,23/09/2009,NO,SI
ACA 203 CL,ACA,55,178,54258,3729,44.67,3829,2010-2011,Anguil,-36.516765,-64.01673306,Anguil  2010-2011,Convencional,Normal,52,Directa,45000,19/11/2010,NO,SI
ACA 203 CL,ACA,75,155,55511,2847,45.31,2941,2010-2011,Balcarce,-37.84985917,-58.26744333,Balcarce  2010-2011,Convencional,Normal,52,Directa,,02/11/2010,NO,SI
ACA 203 CL,ACA,78,173,,2776,43.53,2818,2010-2011,Barrow,-38.311904,-60.231644,Barrow  2010-2011,Convencional,Normal,52,Directa,45000,25/10/2010,NO,SI
ACA 203 CL,ACA,73,182,,4833,46.08,5030,2010-2011,Bellocq,-35.932778,-61.487778,Bellocq  2010-2011,Convencional,Normal,52,Directa,,26/10/2010,NO,SI
ACA 203 CL,ACA,74,210,49359,2911,48.02,3086,2010-2011,General Belgrano,-35.7666875,-58.4997,General Belgrano  2010-2011,Convencional,Normal,52,Directa,50000,24/10/2010,NO,SI
ACA 203 CL,ACA,66,140,54945,3275,42.8,3301,2010-2011,Intendente Alvear,-35.24999,-63.566695,Intendente Alvear  2010-2011,Clearfield,Normal,52,Directa,48000,28/10/2010,NO,SI
ACA 203 CL,ACA,62,135,26444,3504,44.86,3604,2010-2011,Manfredi,-31.83306333,-63.75004361,Manfredi  2010-2011,Clearfield,Normal,52,Directa,43000,24/11/2010,NO,SI
ACA 203 CL,ACA,,,58929,3225,45.91,3351,2010-2011,Miramar,-38.25021556,-57.83298972,Miramar  2010-2011,Convencional,Normal,52,Directa,48000,28/10/2010,NO,SI
ACA 203 CL,ACA,84,180,,3296,47.03,3462,2010-2011,Reconquista,-29.14952389,-59.66645806,Reconquista  2010-2011,Convencional,Normal,,,,09/09/2010,NO,SI
ACA 203 CL,ACA,73,139,42982,1960,44.26,2004,2011-2012,Anguil,-36.516765,-64.01673306,Anguil  2011-2012,Convencional,Normal,52,Directa,47000,27/10/2011,NO,SI
ACA 203 CL,ACA,76,161,50682,2460,39.05,2387,2011-2012,Balcarce,-37.84985917,-58.26744333,Balcarce  2011-2012,Alto Oleico,Normal,52,Directa,57000,27/10/2011,NO,SI
ACA 203 CL,ACA,74,192,,2667,39.96,2613,2011-2012,Barrow,-38.311904,-60.231644,Barrow  2011-2012,Alto Oleico,Normal,52,Directa,45000,26/10/2011,NO,SI
ACA 203 CL,ACA,73,129,41292,3342,40.12,3279,2011-2012,Coronel Suarez,-37.46683528,-61.93326111,Coronel Suarez  2011-2012,Convencional,Normal,52,Directa,43000,02/11/2011,NO,SI
ACA 203 CL,ACA,76,218,56112,3051,41.21,3027,2011-2012,General Belgrano,-35.7666875,-58.4997,General Belgrano  2011-2012,Convencional,Normal,52,Directa,54000,15/10/2011,NO,NO
ACA 203 CL,ACA,,,41363,3215,49.9,3469,2011-2012,Huinca Renanco,-34.83329556,-64.3667525,Huinca Renanco  2011-2012,Convencional,Normal,,,,22/10/2011,NO,NO
ACA 203 CL,ACA,71,,48773,2358,43.91,2403,2011-2012,Intendente Alvear,-35.24999,-63.566695,Intendente Alvear  2011-2012,Convencional,Normal,52,Directa,48000,01/11/2011,NO,NO
ACA 203 CL,ACA,,,46430,1813,43.1,1833,2011-2012,Manfredi,-31.83306333,-63.75004361,Manfredi  2011-2012,Convencional,Normal,,,,30/11/2011,NO,NO
ACA 203 CL,ACA,80,168,49405,2726,,,2011-2012,Miramar,-38.25021556,-57.83298972,Miramar  2011-2012,Convencional,Normal,52,Directa,53000,27/10/2011,NO,NO
ACA 203 CL,ACA,,,,2010,44.5,2060,2011-2012,Vicuña Mackenna,-33.91655694,-64.38342528,Vicuña Mackenna  2011-2012,Convencional,Normal,,,,22/10/2011,NO,SI
ACA 203 CL,ACA,74,178,,3019,49.01,3231,2012-2013,Reconquista,-29.14952389,-59.66645806,Reconquista  2012-2013,Convencional,Normal,,,,11/09/2012,NO,SI
ACA 203 CL,ACA,87,170,46545,2062,40.81,2037,2013-2014,Reconquista,-29.14952389,-59.66645806,Reconquista  2013-2014,Convencional,Normal,,,,19/09/2013,SI,NO
ACA 203 CL,ACA,79,153,48000,2817,40.18,2766,2014-2015,Reconquista,-29.14952389,-59.66645806,Reconquista  2014-2015,Convencional,Normal,,,,14/08/2014,NO,SI
ACA 203 CL,ACA,,191,,3111,47.64,3286,2015-2016,Anguil,-36.516765,-64.01673306,Anguil  2015-2016,Convencional,Normal,52,Directa,60000,14/11/2015,NO,SI
ACA 203 CL,ACA,66,162,,3620,54.19,4061,2015-2016,Asturias,-36.171533,-61.872622,Asturias  2015-2016,Convencional,Normal,,,,31/10/2015,NO,SI
ACA 203 CL,ACA,70,153,56438,2453,46.95,2574,2015-2016,Balcarce,-37.84985917,-58.26744333,Balcarce  2015-2016,Convencional,Tardia,52,Directa,53000,01/12/2015,NO,SI
ACA 203 CL,ACA,77,147,52258,3479,43.65,3536,2015-2016,Balcarce,-37.84985917,-58.26744333,Balcarce  2015-2016,Convencional,Normal,52,Directa,45000,28/10/2015,NO,SI
ACA 203 CL,ACA,70,,,4170,47.52,4400,2015-2016,Bolívar,-36.23340306,-61.11654167,Bolívar  2015-2016,Convencional,Normal,,,,20/10/2015,NO,SI
ACA 203 CL,ACA,,,,4806,48.93,5139,2015-2016,Bordenave,-37.81685778,-63.03333306,Bordenave  2015-2016,Convencional,Normal,,,,04/11/2015,NO,SI
ACA 203 CL,ACA,82,174,54325,3657,46.8,3833,2015-2016,Ceres,-29.88290806,-61.94992972,Ceres  2015-2016,Convencional,Normal,,,,27/08/2015,NO,SI
ACA 203 CL,ACA,78,196,37198,3629,46.21,3782,2015-2016,Coronel Suarez,-37.46683528,-61.93326111,Coronel Suarez  2015-2016,Convencional,Normal,52,Directa,39000,23/10/2015,NO,SI
ACA 203 CL,ACA,,170,54808,3171,47.21,3336,2015-2016,Las Breñas,-27.08267861,-61.08321361,Las Breñas  2015-2016,Convencional,Normal,,,,26/08/2015,NO,SI
ACA 203 CL,ACA,85,181,48554,2719,43.59,2762,2015-2016,Reconquista,-29.14952389,-59.66645806,Reconquista  2015-2016,Convencional,Normal,,,,28/08/2015,NO,SI
ACA 203 CL,ACA,90,,,3125,40.33,3073,2015-2016,San Justo,-34.68326694,-58.54971667,San Justo  2015-2016,Convencional,Normal,,,,28/08/2015,NO,SI
ACA 203 CL,ACA,72,230,,4681,43.87,4769,2015-2016,Trenque Lauquen,-35.96671,-62.73331972,Trenque Lauquen  2015-2016,Convencional,Normal,,,,30/10/2015,NO,SI
ACA 203 CL,ACA,,205,,1931,47.08,2029,2016-2017,Los Frentones,-26.415965,-61.39989583,Los Frentones  2016-2017,Convencional,Normal,,,,08/09/2016,NO,SI
ACA 203 CL,ACA,85,173,,2052,45.43,2122,2016-2017,Reconquista,-29.14952389,-59.66645806,Reconquista  2016-2017,Convencional,Normal,,,,11/08/2016,NO,SI
ACA 203 CL,ACA,,171,,2904,,,2016-2017,Roque Saenz Peña,-26.79932333,-60.44983639,Roque Saenz Peña  2016-2017,Convencional,Normal,,,,12/08/2016,NO,SI
ACA 203 CL,ACA,80,,,3910,46.8,4098,2016-2017,San Justo,-34.68326694,-58.54971667,San Justo  2016-2017,Convencional,Normal,,,,09/08/2016,NO,SI
ACA 203 CL DM,ACA,74,,,4390,45.77,4556,2016-2017,Asturias,-36.171533,-61.872622,Asturias  2016-2017,Convencional,Normal,,,,03/11/2016,NO,SI
ACA 203 CL DM,ACA,79,,,3882,45.2,4006,2016-2017,Bellocq,-35.932778,-61.487778,Bellocq  2016-2017,Convencional,Normal,,,,24/10/2016,NO,SI
ACA 203 CL DM,ACA,76,165,,2695,44.12,2752,2016-2017,Trenque Lauquen,-35.96671,-62.73331972,Trenque Lauquen  2016-2017,Convencional,Normal,,,,01/11/2016,NO,SI
ACA 211 CL,ACA,81,128,58885,2054,47.07,2158,2008-2009,Balcarce,-37.84985917,-58.26744333,Balcarce  2008-2009,Clearfield,Normal,70,Directa,51000,23/10/2008,NO,SI
ACA 211 CL,ACA,73,136,45918,2389,41.76,2383,2008-2009,Barrow,-38.311904,-60.231644,Barrow  2008-2009,Clearfield,Normal,70,Convencional,46000,6/11/2008,NO,SI
ACA 211 CL,ACA,76,215,,5764,44.77,5924,2008-2009,Bellocq,-35.932778,-61.487778,Bellocq  2008-2009,Clearfield,Normal,70,Convencional,,16/10/2008,NO,SI
ACA 211 CL,ACA,62,194,40944,2783,38.3,2680,2008-2009,Manfredi,-31.83306333,-63.75004361,Manfredi  2008-2009,Clearfield,Normal,70,Directa,,6/11/2008,NO,SI
ACA 211 CL,ACA,74,155,64103,2738,46.7,2867,2008-2009,Rancul,-35.0666525,-64.68345083,Rancul  2008-2009,Clearfield,Normal,52,Directa,42000,4/11/2008,NO,SI
ACA 211 CL,ACA,63,166,67745,2263,45.86,2350,2009-2010,Balcarce,-37.84985917,-58.26744333,Balcarce  2009-2010,Convencional,Normal,52,Directa,50000,16/11/2009,NO,SI
ACA 211 CL,ACA,68,,45068,1180,47.83,1249,2009-2010,Barrow,-38.311904,-60.231644,Barrow  2009-2010,Convencional,Normal,52,Directa,,29/10/2009,NO,SI
ACA 211 CL,ACA,74,190,,3373,44.5,3457,2009-2010,Bellocq,-35.932778,-61.487778,Bellocq  2009-2010,Convencional,Normal,52,Directa,,27/10/2009,NO,SI
ACA 211 CL,ACA,73,198,51429,2615,47.66,2763,2009-2010,General Belgrano,-35.7666875,-58.4997,General Belgrano  2009-2010,Convencional,Normal,52,Convencional,48000,07/10/2009,SI,NO
ACA 350 CL PLUS,ACA,52,145,59295,3270,52.69,3620,2014-2015,Anguil,-36.516765,-64.01673306,Anguil  2014-2015,Convencional,Normal,52,Directa,46000,12/11/2014,NO,SI
ACA 350 CL PLUS,ACA,77,,45788,2409,44.48,2469,2014-2015,Balcarce,-37.84985917,-58.26744333,Balcarce  2014-2015,Convencional,Normal,52,Directa,44000,15/10/2014,NO,SI
ACA 350 CL PLUS,ACA,73,170,,2787,51.94,3064,2014-2015,Barrow,-38.311904,-60.231644,Barrow  2014-2015,Convencional,Normal,52,Directa,45000,31/10/2014,NO,SI
ACA 350 CL PLUS,ACA,73,136,46243,2813,54.65,3169,2014-2015,Coronel Suarez,-37.46683528,-61.93326111,Coronel Suarez  2014-2015,Convencional,Normal,52,Directa,45000,31/10/2014,NO,SI
ACA 350 CL PLUS,ACA,73,143,61077,1847,54.65,2081,2014-2015,Madariaga,-37.00011778,-57.13295222,Madariaga  2014-2015,Convencional,Normal,,,,08/11/2014,SI,NO
ACA 350 CL PLUS,ACA,66,173,48571,3184,47.26,3351,2014-2015,Pieres,-38.393776,-58.672387,Pieres  2014-2015,Clearfield,Normal,52,Directa,56000,13/11/2014,NO,SI
ACA 350 CL PLUS,ACA,66,153,,3869,53.62,4319,2014-2015,Rauch,-36.78343389,-59.08307528,Rauch  2014-2015,Convencional,Normal,52,Directa,45000,08/11/2014,NO,SI
ACA 350 CL PLUS,ACA,67,160,,2963,47.97,3140,2014-2015,Tandil,-37.31680472,-59.13307167,Tandil  2014-2015,Convencional,Normal,52,Directa,48000,14/11/2014,NO,SI
ACA 350 CL PLUS,ACA,,151,,2758,49.88,2975,2015-2016,Anguil,-36.516765,-64.01673306,Anguil  2015-2016,Convencional,Normal,52,Directa,60000,14/11/2015,NO,SI
ACA 350 CL PLUS,ACA,61,114,55045,2006,45.05,2067,2015-2016,Balcarce,-37.84985917,-58.26744333,Balcarce  2015-2016,Convencional,Tardia,52,Directa,53000,01/12/2015,NO,SI
ACA 350 CL PLUS,ACA,70,124,52954,2506,52.78,2776,2015-2016,Balcarce,-37.84985917,-58.26744333,Balcarce  2015-2016,Convencional,Normal,52,Directa,45000,28/10/2015,NO,SI
ACA 350 CL PLUS,ACA,72,159,,3866,52,3866,2015-2016,Barrow,-38.311904,-60.231644,Barrow  2015-2016,Convencional,Normal,52,Directa,44000,05/11/2015,NO,SI
ACA 350 CL PLUS,ACA,79,169,,4249,52.94,4714,2015-2016,Bellocq,-35.932778,-61.487778,Bellocq  2015-2016,Convencional,Normal,52,Directa,46000,02/11/2015,NO,SI
ACA 350 CL PLUS,ACA,72,,,4225,53.3,4702,2015-2016,Bolívar,-36.23340306,-61.11654167,Bolívar  2015-2016,Convencional,Normal,,,,20/10/2015,NO,SI
ACA 350 CL PLUS,ACA,,,,3965,53.62,4426,2015-2016,Bordenave,-37.81685778,-63.03333306,Bordenave  2015-2016,Convencional,Normal,,,,04/11/2015,NO,SI
ACA 350 CL PLUS,ACA,70,172,35749,2737,52.56,3026,2015-2016,Coronel Suarez,-37.46683528,-61.93326111,Coronel Suarez  2015-2016,Convencional,Normal,52,Directa,39000,23/10/2015,NO,SI
ACA 350 CL PLUS,ACA,73,155,56548,3614,54.64,4071,2015-2016,Pieres,-38.393776,-58.672387,Pieres  2015-2016,Convencional,Normal,52,Directa,59000,03/11/2015,NO,SI
ACA 350 CL PLUS,ACA,65,176,,3799,48.83,4058,2015-2016,Trenque Lauquen,-35.96671,-62.73331972,Trenque Lauquen  2015-2016,Convencional,Normal,,,,30/10/2015,NO,SI
ACA 769,ACA,73,,,3330,54.43,3744,2015-2016,Bolívar,-36.23340306,-61.11654167,Bolívar  2015-2016,Convencional,Normal,,,,20/10/2015,NO,SI
ACA 861,ACA,62,181,66229,4571,51.3,4996,2004-2005,Ascasubi,-39.38364306,-62.6666425,Ascasubi  2004-2005,Convencional,Normal,70,Convencional,65000,21/10/2004,NO,SI
ACA 861,ACA,68,129,53345,2598,45.67,2693,2004-2005,Balcarce,-37.84985917,-58.26744333,Balcarce  2004-2005,Convencional,Tardia,70,Convencional,57000,08/12/2004,NO,SI
ACA 861,ACA,74,149,54286,2902,47.16,3052,2004-2005,Balcarce,-37.84985917,-58.26744333,Balcarce  2004-2005,Convencional,Temprana,70,Convencional,55000,28/10/2004,NO,SI
ACA 861,ACA,73,156,42682,3097,45.52,3206,2004-2005,Barrow,-38.311904,-60.231644,Barrow  2004-2005,Convencional,Normal,70,Convencional,43000,25/10/2004,NO,SI
ACA 861,ACA,61,155,44818,3316,46.35,3460,2004-2005,Bellocq,-35.932778,-61.487778,Bellocq  2004-2005,Convencional,Normal,70,Convencional,46000,24/11/2004,NO,SI
ACA 861,ACA,68,,44193,4140,45.42,4282,2004-2005,Carretero,-38.494876,-59.793151,Carretero  2004-2005,Convencional,Normal,,,,03/11/2004,NO,SI
ACA 861,ACA,69,167,40001,4201,45.83,4362,2004-2005,Coronel Suarez,-37.46683528,-61.93326111,Coronel Suarez  2004-2005,Convencional,Normal,70,Convencional,43000,01/11/2004,NO,SI
ACA 861,ACA,69,168,40650,3200,48.89,3420,2004-2005,Coronel Suarez,-37.46683528,-61.93326111,Coronel Suarez  2004-2005,Convencional,Normal,70,Directa,40000,01/11/2004,NO,SI
ACA 861,ACA,72,173,56260,3858,48.08,4093,2004-2005,Pieres,-38.393776,-58.672387,Pieres  2004-2005,Convencional,Normal,70,Convencional,55000,28/10/2004,SI,NO
ACA 861,ACA,71,,52858,4464,46.64,4671,2004-2005,Tandil,-37.31680472,-59.13307167,Tandil  2004-2005,Convencional,Normal,70,Convencional,55000,02/11/2004,NO,SI
ACA 861,ACA,73,180,47392,2690,43.76,2737,2005-2006,Balcarce,-37.84985917,-58.26744333,Balcarce  2005-2006,Convencional,Normal,70,Directa,54000,07/11/2005,NO,SI
ACA 861,ACA,79,129,49269,3184,46.56,3329,2005-2006,Balcarce,-37.84985917,-58.26744333,Balcarce  2005-2006,Convencional,Normal,70,Convencional,54000,19/10/2005,NO,SI
ACA 861,ACA,72,158,46667,3299,45.53,3415,2005-2006,Barrow,-38.311904,-60.231644,Barrow  2005-2006,Convencional,Normal,70,Convencional,45000,07/11/2005,NO,SI
ACA 861,ACA,69,178,47619,4544,46.58,4752,2005-2006,Bellocq,-35.932778,-61.487778,Bellocq  2005-2006,Convencional,Normal,70,Convencional,,25/10/2005,NO,SI
ACA 861,ACA,76,152,49027,3161,45.02,3256,2005-2006,Bellocq,-35.932778,-61.487778,Bellocq  2005-2006,Convencional,Normal,70,Convencional,46000,31/10/2005,NO,SI
ACA 861,ACA,58,175,47619,3174,44.33,3248,2005-2006,Carlos Casares,-35.61668722,-61.36655861,Carlos Casares  2005-2006,Convencional,Normal,,,,05/12/2005,NO,SI
ACA 861,ACA,66,106,51360,3285,45.13,3388,2005-2006,Coronel Suarez,-37.46683528,-61.93326111,Coronel Suarez  2005-2006,Convencional,Normal,70,Convencional,47000,31/10/2005,NO,SI
ACA 861,ACA,69,117,43085,3813,46.31,3977,2005-2006,Coronel Suarez,-37.46683528,-61.93326111,Coronel Suarez  2005-2006,Convencional,Normal,70,Directa,43000,01/11/2005,NO,SI
ACA 861,ACA,72,164,45417,3511,47.73,3712,2005-2006,El Carretero,-38.494876,-59.793151,El Carretero  2005-2006,Convencional,Normal,70,Convencional,,01/11/2005,NO,SI
ACA 861,ACA,82,165,,1862,46.08,1938,2005-2006,Gualeguay,-33.14982417,-59.36642722,Gualeguay  2005-2006,Convencional,Normal,,,,27/09/2005,NO,SI
ACA 861,ACA,87,180,,2111,46.48,2206,2005-2006,Gualeguaychu,-33.01647778,-58.51637722,Gualeguaychu  2005-2006,Convencional,Normal,,,,14/09/2001,NO,SI
ACA 861,ACA,63,172,66764,4404,50.08,4760,2005-2006,Hilario Ascasubi,-39.38364306,-62.6666425,Hilario Ascasubi  2005-2006,Convencional,Normal,,,,25/10/2001,NO,SI
ACA 861,ACA,,91,45234,2300,46.5,2404,2005-2006,Huinca Renanco,-34.83329556,-64.3667525,Huinca Renanco  2005-2006,Convencional,Normal,70,Directa,45000,11/10/2005,NO,SI
ACA 861,ACA,82,139,41467,2295,49.2,2460,2005-2006,Las Toscas,-28.34944556,-59.26643694,Las Toscas  2005-2006,Convencional,Normal,,,,02/09/2005,NO,SI
ACA 861,ACA,59,,40580,3636,52.1,4003,2005-2006,Manfredi,-31.83306333,-63.75004361,Manfredi  2005-2006,Convencional,Normal,70,Convencional,40000,08/10/2005,NO,SI
ACA 861,ACA,77,190,,2945,44.23,3011,2005-2006,Parana,-31.73305611,-60.53317889,Parana  2005-2006,Convencional,Normal,,,,13/10/2005,NO,SI
ACA 861,ACA,66,135,41005,3560,46.94,3736,2005-2006,Pergamino,-33.89989778,-60.58318222,Pergamino  2005-2006,Convencional,Normal,70,Convencional,,03/11/2005,NO,SI
ACA 861,ACA,77,149,56149,3403,45.72,3530,2005-2006,Pieres,-38.393776,-58.672387,Pieres  2005-2006,Convencional,Normal,70,Convencional,57000,27/10/2005,NO,SI
ACA 861,ACA,65,160,38747,1972,44.8,2027,2005-2006,Rafaela,-31.26634222,-61.48323694,Rafaela  2005-2006,Convencional,Normal,,,,27/10/2005,NO,SI
ACA 861,ACA,101,138,47771,2900,52.6,3207,2005-2006,Reconquista,-29.14952389,-59.66645806,Reconquista  2005-2006,Convencional,Normal,,,,18/08/2005,NO,SI
ACA 861,ACA,84,,51889,3725,43.49,3781,2005-2006,Tandil,-37.31680472,-59.13307167,Tandil  2005-2006,Convencional,Normal,70,Convencional,54000,03/11/2005,NO,SI
ACA 861,ACA,,,,2701,,,2005-2006,Trenque Lauquen,-35.96671,-62.73331972,Trenque Lauquen  2005-2006,Convencional,Normal,,,,06/11/2005,NO,SI
ACA 861,ACA,78,148,72900,2598,42.48,2610,2006-2007,Balcarce,-37.84985917,-58.26744333,Balcarce  2006-2007,Convencional,Normal,70,Convencional,59000,16/10/2006,NO,SI
ACA 861,ACA,64,,73812,1654,41.25,1642,2006-2007,Balcarce,-37.84985917,-58.26744333,Balcarce  2006-2007,Convencional,Tardia,70,Convencional,71000,29/11/2006,NO,SI
ACA 861,ACA,68,156,45510,2303,40.62,2271,2006-2007,Barrow,-38.311904,-60.231644,Barrow  2006-2007,Convencional,Normal,70,Convencional,44000,03/11/2006,NO,SI
ACA 861,ACA,66,172,,4355,44.29,4455,2006-2007,Bellocq,-35.932778,-61.487778,Bellocq  2006-2007,Convencional,Normal,70,Convencional,,01/11/2006,NO,SI
ACA 861,ACA,59,174,50123,2541,46.9,2666,2006-2007,Bulnes,-33.51651972,-64.68343278,Bulnes  2006-2007,Convencional,Normal,52,Convencional,46000,19/10/2006,NO,SI
ACA 861,ACA,71,155,45573,2909,46.42,3038,2006-2007,Coronel Suarez,-37.46683528,-61.93326111,Coronel Suarez  2006-2007,Convencional,Normal,70,Directa,46000,26/10/2007,NO,SI
ACA 861,ACA,76,170,,1508,43.96,1538,2006-2007,Gualeguay,-33.14982417,-59.36642722,Gualeguay  2006-2007,Convencional,Normal,,,,06/10/2006,NO,SI
ACA 861,ACA,68,182,66515,4304,49.48,4626,2006-2007,Hilario Ascasubi,-39.38364306,-62.6666425,Hilario Ascasubi  2006-2007,Convencional,Normal,,,,25/10/2006,NO,SI
ACA 861,ACA,,120,47180,1464,44.3,1498,2006-2007,Huinca Renanco,-34.83329556,-64.3667525,Huinca Renanco  2006-2007,Convencional,Normal,70,Directa,45000,20/11/2006,NO,SI
ACA 861,ACA,80,132,62540,2673,48.4,2844,2006-2007,Las Toscas,-28.34944556,-59.26643694,Las Toscas  2006-2007,Convencional,Normal,70,Convencional,60000,30/08/2006,NO,SI
ACA 861,ACA,57,141,44017,3052,42.1,3055,2006-2007,Manfredi,-31.83306333,-63.75004361,Manfredi  2006-2007,Convencional,Normal,70,Convencional,43000,29/11/2006,NO,SI
ACA 861,ACA,57,150,58939,3250,,,2006-2007,Manfredi,-31.83306333,-63.75004361,Manfredi  2006-2007,Convencional,Normal,52,Directa,54000,28/11/2006,NO,SI
ACA 861,ACA,66,165,,1788,44.95,1841,2006-2007,Parana,-31.73305611,-60.53317889,Parana  2006-2007,Convencional,Normal,,,,23/10/2006,SI,NO
ACA 861,ACA,64,183,,3363,47.42,3545,2006-2007,Pehuajo,-35.8000275,-61.89993139,Pehuajo  2006-2007,Convencional,Normal,,,,07/11/2006,NO,SI
ACA 861,ACA,62,116,,1987,43.16,2010,2006-2007,Pergamino,-33.89989778,-60.58318222,Pergamino  2006-2007,Convencional,Normal,70,Convencional,,9/11/2006,NO,SI
ACA 861,ACA,,,,1361,46.93,1428,2006-2007,Pichi Huinca,-35.65076167,-64.75255944,Pichi Huinca  2006-2007,Convencional,Normal,,,,07/11/2006,NO,SI
ACA 861,ACA,69,123,58631,1759,40.64,1735,2006-2007,Pieres,-38.393776,-58.672387,Pieres  2006-2007,Convencional,Normal,70,Convencional,57000,01/11/2006,NO,SI
ACA 861,ACA,71,159,45274,2300,44.7,2362,2006-2007,Reconquista,-29.14952389,-59.66645806,Reconquista  2006-2007,Convencional,Normal,,,,29/09/2006,NO,SI
ACA 861,ACA,68,,50689,2410,44.37,2467,2006-2007,Tandil,-37.31680472,-59.13307167,Tandil  2006-2007,Convencional,Normal,70,Convencional,51000,07/11/2006,NO,SI
ACA 861,ACA,71,190,,2741,43.45,2781,2006-2007,Villegas,-35.03371806,-63.01708472,Villegas  2006-2007,Convencional,Normal,,,,19/10/2006,SI,NO
ACA 861,ACA,69,,60769,4338,48.15,4605,2007-2008,Anguil,-36.516765,-64.01673306,Anguil  2007-2008,Convencional,Normal,70,Convencional,60000,25/10/2007,NO,SI
ACA 861,ACA,73,154,65426,4985,49.93,5380,2007-2008,Ascasubi,-39.38364306,-62.6666425,Ascasubi  2007-2008,Convencional,Normal,70,Convencional,63000,31/10/2007,NO,SI
ACA 861,ACA,69,135,60951,3494,45.82,3627,2007-2008,Balcarce,-37.84985917,-58.26744333,Balcarce  2007-2008,Convencional,Tardia,70,Convencional,60000,22/11/2007,NO,SI
ACA 861,ACA,80,125,57181,3554,49.18,3809,2007-2008,Balcarce,-37.84985917,-58.26744333,Balcarce  2007-2008,Convencional,Normal,70,Convencional,58000,19/10/2007,NO,SI
ACA 861,ACA,76,109,46040,1844,47.78,1951,2007-2008,Barrow,-38.311904,-60.231644,Barrow  2007-2008,Convencional,Normal,70,Convencional,45000,29/10/2007,NO,SI
ACA 861,ACA,72,119,49352,3153,44.15,3221,2007-2008,Bellocq,-35.932778,-61.487778,Bellocq  2007-2008,Convencional,Normal,70,Directa,48000,08/11/2007,NO,SI
ACA 861,ACA,64,160,46539,3212,46.39,3353,2007-2008,Bulnes,-33.51651972,-64.68343278,Bulnes  2007-2008,Convencional,Normal,52,Convencional,50000,24/10/2007,NO,SI
ACA 861,ACA,74,138,42583,3368,47.58,3556,2007-2008,Coronel Suarez,-37.46683528,-61.93326111,Coronel Suarez  2007-2008,Convencional,Normal,70,Convencional,43000,29/10/2007,NO,SI
ACA 861,ACA,75,103,43409,2919,51.99,3211,2007-2008,Coronel Suarez,-37.46683528,-61.93326111,Coronel Suarez  2007-2008,Convencional,Normal,70,Directa,44000,29/10/2007,NO,SI
ACA 861,ACA,78,,,2675,51.57,2931,2007-2008,Daireaux,-36.60010556,-61.74992333,Daireaux  2007-2008,Convencional,Normal,70,Convencional,,02/11/2007,NO,SI
ACA 861,ACA,66,170,,2201,47.68,2326,2007-2008,Gualeguay,-33.14982417,-59.36642722,Gualeguay  2007-2008,Convencional,Normal,52,Directa,,1/10/2007,NO,SI
ACA 861,ACA,68,205,,3340,49.52,3591,2007-2008,Hansenkamp,-31.4996975,-59.83314111,Hansenkamp  2007-2008,Convencional,Normal,52,Directa,,18/10/2007,NO,SI
ACA 861,ACA,66,154,45308,3340,46.99,3507,2007-2008,Huinca Renanco,-34.83329556,-64.3667525,Huinca Renanco  2007-2008,Convencional,Normal,,,,17/10/2007,NO,SI
ACA 861,ACA,78,163,47863,2288,50.58,2484,2007-2008,Las Toscas,-28.34944556,-59.26643694,Las Toscas  2007-2008,Convencional,Normal,70,Convencional,46000,27/08/2007,SI,NO
ACA 861,ACA,52,165,59890,1751,38.33,1687,2007-2008,Manfredi,-31.83306333,-63.75004361,Manfredi  2007-2008,Convencional,Normal,52,Directa,56000,07/12/2007,NO,SI
ACA 861,ACA,58,165,38949,1852,38.13,1780,2007-2008,Manfredi,-31.83306333,-63.75004361,Manfredi  2007-2008,Convencional,Normal,70,Directa,43000,10/12/2007,NO,SI
ACA 861,ACA,78,137,,3157,50.13,3414,2007-2008,Parana,-31.73305611,-60.53317889,Parana  2007-2008,Convencional,Normal,52,Directa,,26/9/2007,NO,SI
ACA 861,ACA,80,,47096,2150,49.37,2308,2007-2008,Pavon,-34.379925,-59.03808611,Pavon  2007-2008,Convencional,Normal,70,Directa,49000,11/10/2007,NO,SI
ACA 861,ACA,,,,3524,46.49,3682,2007-2008,Pehuajo,-35.8000275,-61.89993139,Pehuajo  2007-2008,Convencional,Normal,70,Convencional,,30/10/2007,NO,SI
ACA 861,ACA,67,135,,3045,49.02,3259,2007-2008,Pergamino,-33.89989778,-60.58318222,Pergamino  2007-2008,Convencional,Normal,70,Convencional,,12/11/2007,NO,SI
ACA 861,ACA,89,172,47098,3098,45.24,3198,2007-2008,Reconquista,-29.14952389,-59.66645806,Reconquista  2007-2008,Convencional,Normal,70,Convencional,46000,23/08/2007,NO,SI
ACA 861,ACA,63,,62041,4172,47.79,4414,2007-2008,Tandil,-37.31680472,-59.13307167,Tandil  2007-2008,Convencional,Normal,70,Convencional,62000,17/11/2007,NO,SI
ACA 861,ACA,61,150,39910,3168,45.65,3284,2007-2008,Vicuña Mackenna,-33.91655694,-64.38342528,Vicuña Mackenna  2007-2008,Convencional,Normal,70,Directa,41000,25/10/2007,NO,SI
ACA 861,ACA,67,197,,3275,45.74,3397,2007-2008,Villegas,-35.03371806,-63.01708472,Villegas  2007-2008,Convencional,Normal,70,Convencional,,31/10/2007,SI,NO
ACA 861,ACA,65,165,,4124,50.01,4454,2008-2009,Asturias,-36.171533,-61.872622,Asturias  2008-2009,Convencional,Normal,,,,22/10/2008,NO,SI
ACA 861,ACA,71,141,59739,2160,44.2,2208,2008-2009,Balcarce,-37.84985917,-58.26744333,Balcarce  2008-2009,Convencional,Normal,70,Directa,60000,23/10/2008,NO,SI
ACA 861,ACA,66,128,46004,2850,45.71,2956,2008-2009,Barrow,-38.311904,-60.231644,Barrow  2008-2009,Convencional,Normal,70,Convencional,45000,05/11/2008,NO,SI
ACA 861,ACA,73,109,45270,1752,44.11,1789,2008-2009,Bellocq,-35.932778,-61.487778,Bellocq  2008-2009,Convencional,Normal,70,Directa,45000,24/10/2008,SI,NO
ACA 861,ACA,,170,48171,3516,46.5,3674,2008-2009,Bulnes,-33.51651972,-64.68343278,Bulnes  2008-2009,Convencional,Normal,52,Directa,45000,22/10/2008,SI,NO
ACA 861,ACA,67,132,45056,1501,41.41,1492,2008-2009,Coronel Suarez,-37.46683528,-61.93326111,Coronel Suarez  2008-2009,Convencional,Normal,70,Convencional,45000,31/10/2008,NO,SI
ACA 861,ACA,69,145,47495,2346,41.5,2334,2008-2009,Coronel Suarez,-37.46683528,-61.93326111,Coronel Suarez  2008-2009,Convencional,Normal,70,Directa,45000,30/10/2008,NO,SI
ACA 861,ACA,66,190,,3556,52.67,3935,2008-2009,General Villegas,-35.03371806,-63.01708472,General Villegas  2008-2009,Convencional,Normal,70,Directa,,30/10/2008,NO,SI
ACA 861,ACA,75,103,,1078,45.35,1114,2008-2009,Gualeguaychu,-33.01647778,-58.51637722,Gualeguaychu  2008-2009,Convencional,Normal,,,,04/10/2008,SI,NO
ACA 861,ACA,,143,30126,2705,41.5,2691,2008-2009,Huinca Renanco,-34.83329556,-64.3667525,Huinca Renanco  2008-2009,Convencional,Normal,70,Directa,30000,21/10/2008,NO,SI
ACA 861,ACA,,170,45219,2184,48.02,2315,2008-2009,Huinca Renanco,-34.83329556,-64.3667525,Huinca Renanco  2008-2009,Convencional,Normal,,,,20/10/2009,NO,SI
ACA 861,ACA,72,,52770,4097,48.69,4371,2008-2009,Intendente Alvear,-35.24999,-63.566695,Intendente Alvear  2008-2009,Convencional,Normal,70,Directa,52000,31/10/2008,NO,SI
ACA 861,ACA,,,43913,948,42.33,951,2008-2009,Las Toscas,-28.34944556,-59.26643694,Las Toscas  2008-2009,Convencional,Normal,70,Convencional,45000,23/08/2008,NO,SI
ACA 861,ACA,54,169,46882,2978,43.3,3017,2008-2009,Manfredi,-31.83306333,-63.75004361,Manfredi  2008-2009,Convencional,Normal,52,Directa,43000,03/11/2008,NO,SI
ACA 861,ACA,58,171,44730,2796,42.5,2810,2008-2009,Manfredi,-31.83306333,-63.75004361,Manfredi  2008-2009,Convencional,Normal,70,Directa,43000,05/11/2008,NO,SI
ACA 861,ACA,76,,,3227,49.16,3458,2008-2009,Miramar,-38.25021556,-57.83298972,Miramar  2008-2009,Convencional,Normal,70,Convencional,45000,31/10/2008,NO,SI
ACA 861,ACA,67,185,,2484,46.81,2603,2008-2009,Parana,-31.73305611,-60.53317889,Parana  2008-2009,Convencional,Normal,,,,07/10/2008,NO,SI
ACA 861,ACA,79,110,61905,3009,44.03,3070,2008-2009,Pieres,-38.393776,-58.672387,Pieres  2008-2009,Convencional,Normal,52,Directa,56000,30/10/2008,NO,SI
ACA 861,ACA,67,168,,3069,48.21,3260,2008-2009,Rafaela,-31.26634222,-61.48323694,Rafaela  2008-2009,Convencional,Normal,,Directa,,20/10/2008,NO,SI
ACA 861,ACA,69,168,44710,1275,46.53,1333,2008-2009,Rancul,-35.0666525,-64.68345083,Rancul  2008-2009,Convencional,Normal,52,Directa,42000,4/11/2008,NO,SI
ACA 861,ACA,85,175,47614,2883,49.29,3093,2008-2009,Reconquista,-29.14952389,-59.66645806,Reconquista  2008-2009,Convencional,Normal,70,Directa,47000,24/8/2008,NO,SI
ACA 861,ACA,66,137,,2253,51.05,2457,2008-2009,Rocamora,-32.345084,-58.972316,Rocamora  2008-2009,Convencional,Normal,,,,09/10/2008,NO,SI
ACA 861,ACA,70,151,,4211,49.11,4510,2008-2009,Tandil,-37.31680472,-59.13307167,Tandil  2008-2009,Convencional,Normal,70,Convencional,58000,31/10/2008,NO,SI
ACA 861,ACA,,,,783,43.18,792,2008-2009,Tres Lomas,-36.46674694,-62.86666194,Tres Lomas  2008-2009,Convencional,Normal,70,Convencional,,06/11/2008,NO,SI
ACA 861,ACA,,170,46730,3734,52.8,4137,2008-2009,Vicuña Mackenna,-33.91655694,-64.38342528,Vicuña Mackenna  2008-2009,Convencional,Normal,70,Directa,46000,12/11/2008,NO,SI
ACA 861,ACA,56,112,61242,685,52.39,756,2009-2010,Anguil,-36.516765,-64.01673306,Anguil  2009-2010,Convencional,Normal,52,Directa,50000,03/12/2009,NO,SI
ACA 861,ACA,56,152,68065,2578,50.7,2802,2009-2010,Balcarce,-37.84985917,-58.26744333,Balcarce  2009-2010,Convencional,Normal,52,Directa,50000,24/11/2009,NO,SI
ACA 861,ACA,69,158,62445,3946,47.95,4181,2009-2010,Balcarce,-37.84985917,-58.26744333,Balcarce  2009-2010,Convencional,Normal,52,Directa,50000,22/10/2009,NO,SI
ACA 861,ACA,62,,43009,975,44.98,1004,2009-2010,Barrow,-38.311904,-60.231644,Barrow  2009-2010,Convencional,Normal,52,Directa,,29/10/2009,NO,SI
ACA 861,ACA,76,153,56632,4473,54.36,5026,2009-2010,Bellocq,-35.932778,-61.487778,Bellocq  2009-2010,Convencional,Normal,52,Directa,50000,20/10/2009,NO,SI
ACA 861,ACA,58,150,52450,1530,42.98,1545,2009-2010,Coronel Suarez,-37.46683528,-61.93326111,Coronel Suarez  2009-2010,Convencional,Normal,52,Directa,48000,02/11/2009,NO,NO
ACA 861,ACA,61,171,46227,2399,50.02,2591,2009-2010,Coronel Suarez,-37.46683528,-61.93326111,Coronel Suarez  2009-2010,Convencional,Normal,52,Convencional,48000,03/11/2009,NO,SI
ACA 861,ACA,,170,45219,2184,48.02,2315,2009-2010,Huinca Renanco,-34.83329556,-64.3667525,Huinca Renanco  2009-2010,Convencional,Normal,52,Directa,45000,20/10/2009,NO,SI
ACA 861,ACA,63,,,1258,52.74,1393,2009-2010,La Paz,-33.4498475,-67.56695167,La Paz  2009-2010,Convencional,Normal,,,,22/10/2009,NO,SI
ACA 861,ACA,56,160,45992,2079,47.29,2189,2009-2010,Manfredi,-31.83306333,-63.75004361,Manfredi  2009-2010,Convencional,Normal,70,Directa,40000,20/11/2009,NO,SI
ACA 861,ACA,58,136,59841,1916,45.88,1990,2009-2010,Manfredi,-31.83306333,-63.75004361,Manfredi  2009-2010,Convencional,Normal,52,Directa,50000,17/11/2009,SI,NO
ACA 861,ACA,,150,,2561,47.46,2701,2009-2010,Martinez de Hoz,-35.31666306,-61.61657472,Martinez de Hoz  2009-2010,Convencional,Normal,,,,20/11/2009,NO,SI
ACA 861,ACA,69,150,,3397,47.51,3584,2009-2010,Miramar,-38.25021556,-57.83298972,Miramar  2009-2010,Convencional,Normal,52,Convencional,50000,31/10/2009,NO,SI
ACA 861,ACA,75,,,2779,56.7,3188,2009-2010,Nogoya,-32.39978222,-59.78313056,Nogoya  2009-2010,Convencional,Normal,,,,09/10/2009,NO,SI
ACA 861,ACA,63,159,61431,3625,50.5,3933,2009-2010,Pieres,-38.393776,-58.672387,Pieres  2009-2010,Convencional,Normal,52,Directa,48000,29/10/2009,NO,SI
ACA 861,ACA,69,147,,1967,42.92,1985,2009-2010,Reconquista,-29.14952389,-59.66645806,Reconquista  2009-2010,Convencional,Normal,,,,08/09/2009,NO,NO
ACA 861,ACA,58,152,,2768,53.94,3098,2009-2010,Tandil,-37.31680472,-59.13307167,Tandil  2009-2010,Convencional,Normal,52,Directa,50000,06/11/2009,NO,SI
ACA 861,ACA,,125,45485,1786,48.22,1897,2009-2010,Vicuña Mackenna,-33.91655694,-64.38342528,Vicuña Mackenna  2009-2010,Convencional,Normal,70,Directa,47000,25/11/2009,NO,SI
ACA 861,ACA,55,164,55632,3699,47.91,3918,2010-2011,Anguil,-36.516765,-64.01673306,Anguil  2010-2011,Convencional,Normal,52,Directa,45000,19/11/2010,NO,SI
ACA 861,ACA,66,160,51416,3131,43.82,3188,2010-2011,Balcarce,-37.84985917,-58.26744333,Balcarce  2010-2011,Convencional,Normal,52,Directa,53000,24/11/2010,NO,SI
ACA 861,ACA,72,137,55422,3043,50.26,3294,2010-2011,Balcarce,-37.84985917,-58.26744333,Balcarce  2010-2011,Convencional,Normal,52,Directa,55000,22/10/2010,NO,SI
ACA 861,ACA,72,149,,3414,50.71,3711,2010-2011,Barrow,-38.311904,-60.231644,Barrow  2010-2011,Convencional,Normal,52,Directa,45000,25/10/2010,NO,SI
ACA 861,ACA,76,,,3839,50.91,4181,2010-2011,Bellocq,-35.932778,-61.487778,Bellocq  2010-2011,Convencional,Normal,52,Directa,45000,19/10/2010,NO,SI
ACA 861,ACA,,144,53657,3558,46.75,3727,2010-2011,Bulnes,-33.51651972,-64.68343278,Bulnes  2010-2011,Convencional,Normal,52,Convencional,45000,20/10/2010,NO,SI
ACA 861,ACA,,144,53657,3558,46.75,3727,2010-2011,Bulnes,-33.51651972,-64.68343278,Bulnes  2010-2011,Convencional,Normal,52,Convencional,45000,20/10/2010,NO,SI
ACA 861,ACA,75,126,,2870,49.73,3092,2010-2011,Daireaux,-36.60010556,-61.74992333,Daireaux  2010-2011,Convencional,Normal,,,,03/11/2010,SI,NO
ACA 861,ACA,67,192,49359,3056,52.43,3375,2010-2011,General Belgrano,-35.7666875,-58.4997,General Belgrano  2010-2011,Convencional,Normal,52,Directa,50000,20/10/2010,SI,NO
ACA 861,ACA,,110,43796,2752,52.01,3027,2010-2011,Huinca Renanco,-34.83329556,-64.3667525,Huinca Renanco  2010-2011,Convencional,Normal,52,Directa,43000,25/10/2010,NO,SI
ACA 861,ACA,66,122,,1222,51.67,1340,2012-2013,La Montenegrina,-26.995442,-60.680223,La Montenegrina  2012-2013,Convencional,Normal,,,,31/08/2012,NO,SI
ACA 861,ACA,56,130,44208,3744,52.42,4134,2010-2011,Manfredi,-31.83306333,-63.75004361,Manfredi  2010-2011,Convencional,Normal,70,Directa,45000,24/11/2010,NO,SI
ACA 861,ACA,59,122,49659,2543,48.57,2710,2010-2011,Manfredi,-31.83306333,-63.75004361,Manfredi  2010-2011,Convencional,Normal,52,Directa,,19/11/2010,SI,NO
ACA 861,ACA,,,64286,4095,48.36,4355,2010-2011,Miramar,-38.25021556,-57.83298972,Miramar  2010-2011,Convencional,Normal,52,Directa,48000,28/10/2010,NO,SI
ACA 861,ACA,84,170,,2986,48.1,3168,2010-2011,Parana,-31.73305611,-60.53317889,Parana  2010-2011,Convencional,Normal,,,,16/09/2010,NO,SI
ACA 861,ACA,76,120,59048,3553,48.66,3790,2010-2011,Pieres,-38.393776,-58.672387,Pieres  2010-2011,Convencional,Normal,52,Directa,50000,25/10/2010,NO,SI
ACA 861,ACA,80,157,,2689,48.93,2875,2010-2011,Reconquista,-29.14952389,-59.66645806,Reconquista  2010-2011,Convencional,Normal,,,,09/09/2010,NO,SI
ACA 861,ACA,72,130,,2931,46.85,3073,2010-2011,Rocamora,-32.345084,-58.972316,Rocamora  2010-2011,Convencional,Normal,,,,21/10/2010,NO,SI
ACA 861,ACA,65,149,45022,3455,51.16,3771,2010-2011,Tandil,-37.31680472,-59.13307167,Tandil  2010-2011,Convencional,Normal,52,Directa,48000,13/11/2010,NO,SI
ACA 861,ACA,66,126,,4319,47.21,4544,2010-2011,Trenque Lauquen,-35.96671,-62.73331972,Trenque Lauquen  2010-2011,Convencional,Normal,,,,28/10/2010,NO,SI
ACA 861,ACA,,,44555,1527,48.83,1631,2010-2011,Villa Mirasol,-36.10005167,-63.88339056,Villa Mirasol  2010-2011,Convencional,Normal,,,,,NO,SI
ACA 861,ACA,69,177,,3976,50.63,4319,2010-2011,Villegas,-35.03371806,-63.01708472,Villegas  2010-2011,Convencional,Normal,,,,18/10/2010,NO,SI
ACA 861,ACA,66,127,46135,1820,48.69,1942,2011-2012,Anguil,-36.516765,-64.01673306,Anguil  2011-2012,Convencional,Normal,52,Directa,47000,27/10/2011,NO,SI
ACA 861,ACA,64,135,53450,2666,47.31,2808,2011-2012,Balcarce,-37.84985917,-58.26744333,Balcarce  2011-2012,Convencional,Tardia,52,Directa,53000,29/11/2011,NO,SI
ACA 861,ACA,73,158,55332,2582,47.3,2719,2011-2012,Balcarce,-37.84985917,-58.26744333,Balcarce  2011-2012,Convencional,Normal,52,Directa,53000,21/10/2011,NO,SI
ACA 861,ACA,69,181,,2712,40.04,2659,2011-2012,Barrow,-38.311904,-60.231644,Barrow  2011-2012,Convencional,Normal,52,Directa,45000,24/10/2011,NO,SI
ACA 861,ACA,73,168,,5017,46.14,5225,2011-2012,Bellocq,-35.932778,-61.487778,Bellocq  2011-2012,Convencional,Normal,52,Directa,45000,20/10/2011,NO,SI
ACA 861,ACA,66,112,42174,3591,43.52,3646,2011-2012,Coronel Suarez,-37.46683528,-61.93326111,Coronel Suarez  2011-2012,Convencional,Normal,52,Directa,43000,02/11/2011,NO,SI
ACA 861,ACA,71,177,52772,2742,50.58,2977,2011-2012,General Belgrano,-35.7666875,-58.4997,General Belgrano  2011-2012,Convencional,Normal,52,Directa,54000,15/10/2010,NO,SI
ACA 861,ACA,80,169,53728,3194,52.04,3515,2011-2012,General Madariaga,-37.00011778,-57.13295222,General Madariaga  2011-2012,Convencional,Normal,70,Convencional,52000,04/10/2011,NO,SI
ACA 861,ACA,,,43947,2408,50.5,2613,2011-2012,Huinca Renanco,-34.83329556,-64.3667525,Huinca Renanco  2011-2012,Convencional,Normal,,,,22/10/2011,NO,SI
ACA 861,ACA,63,,48773,1684,48.45,1793,2011-2012,Intendente Alvear,-35.24999,-63.566695,Intendente Alvear  2011-2012,Convencional,Normal,52,Directa,48000,01/11/2011,NO,SI
ACA 861,ACA,,,41213,1676,41.8,1673,2011-2012,Manfredi,-31.83306333,-63.75004361,Manfredi  2011-2012,Convencional,Normal,,,,29/11/2011,NO,SI
ACA 861,ACA,,,64028,2189,44.1,2235,2011-2012,Manfredi,-31.83306333,-63.75004361,Manfredi  2011-2012,Convencional,Normal,,,,25/11/2011,NO,SI
ACA 861,ACA,80,168,57143,2593,,,2011-2012,Miramar,-38.25021556,-57.83298972,Miramar  2011-2012,Convencional,Normal,52,Directa,53000,27/10/2011,NO,SI
ACA 861,ACA,75,170,57095,2983,39.86,2919,2011-2012,Pieres,-38.393776,-58.672387,Pieres  2011-2012,Convencional,Normal,52,Directa,48000,27/10/2011,NO,SI
ACA 861,ACA,77,175,,3379,45.5,3497,2011-2012,Reconquista,-29.14952389,-59.66645806,Reconquista  2011-2012,Convencional,Normal,,,,07/09/2011,NO,SI
ACA 861,ACA,75,153,56184,3440,50.51,3733,2011-2012,Tandil,-37.31680472,-59.13307167,Tandil  2011-2012,Convencional,Normal,52,Directa,57000,26/10/2010,NO,SI
ACA 861,ACA,62,140,,3213,43.86,3273,2011-2012,Trenque Lauquen,-35.96671,-62.73331972,Trenque Lauquen  2011-2012,Convencional,Normal,,,,11/11/2011,NO,SI
ACA 861,ACA,,,73733,1463,49.6,1574,2011-2012,Vicuña Mackenna,-33.91655694,-64.38342528,Vicuña Mackenna  2011-2012,Convencional,Normal,,,,22/10/2011,NO,SI
ACA 861,ACA,83,135,,1181,49.97,1275,2011-2012,Villa Ocampo,-28.48278694,-59.36644139,Villa Ocampo  2011-2012,Convencional,Normal,,,,24/08/2011,NO,SI
ACA 861,ACA,64,150,,3945,47.74,4171,2011-2012,Villegas,-35.03371806,-63.01708472,Villegas  2011-2012,Convencional,Normal,,,,03/11/2011,NO,SI
ACA 867,ACA,67,127,,1666,52.4,1839,2012-2013,La Montenegrina,-26.995442,-60.680223,La Montenegrina  2012-2013,Convencional,Normal,,,,31/08/2012,NO,SI
ACA 861,ACA,68,173,,2212,51.95,2432,2012-2013,Reconquista,-29.14952389,-59.66645806,Reconquista  2012-2013,Convencional,Normal,,,,11/09/2012,NO,SI
ACA 861,ACA,,,,3183,48.37,3386,2012-2013,Sachajov,-26.68265111,-61.83326778,Sachajov  2012-2013,Convencional,Normal,,,,17/08/2012,NO,SI
ACA 861,ACA,74,165,,2154,51.79,2365,2012-2013,Villa Ocampo,-28.48278694,-59.36644139,Villa Ocampo  2012-2013,Convencional,Normal,,,,07/09/2012,NO,SI
ACA 861,ACA,62,120,53686,1583,44.43,1621,2013-2014,Anguil,-36.516765,-64.01673306,Anguil  2013-2014,Convencional,Normal,52,Directa,47000,05/11/2013,NO,SI
ACA 861,ACA,69,142,54317,3349,47.81,3544,2013-2014,Balcarce,-37.84985917,-58.26744333,Balcarce  2013-2014,Convencional,Normal,52,Directa,54000,29/10/2013,NO,SI
ACA 861,ACA,64,145,55263,2754,50.02,2975,2013-2014,Balcarce,-37.84985917,-58.26744333,Balcarce  2013-2014,Convencional,Normal,52,Directa,53000,28/11/2013,NO,SI
ACA 861,ACA,75,,,3122,54.31,3506,2013-2014,Daireaux,-36.60010556,-61.74992333,Daireaux  2013-2014,Convencional,Normal,,,,24/10/2013,NO,SI
ACA 861,ACA,63,153,48077,3455,40.53,3404,2013-2014,Intendente Alvear,-35.24999,-63.566695,Intendente Alvear  2013-2014,Convencional,Normal,52,Directa,49000,07/11/2013,NO,SI
ACA 876,ACA,75,168,51249,1573,49.5,1691,2004-2005,La Montenegrina,-26.995442,-60.680223,La Montenegrina  2004-2005,Convencional,Normal,,,49000,28/08/2004,SI,NO
ACA 861,ACA,80,152,45091,1621,45.12,1672,2013-2014,Reconquista,-29.14952389,-59.66645806,Reconquista  2013-2014,Convencional,Normal,,,,19/09/2013,NO,SI
ACA 861,ACA,81,177,,3205,46.37,3345,2013-2014,San Justo,-34.68326694,-58.54971667,San Justo  2013-2014,Convencional,Normal,,,,21/09/2013,NO,SI
ACA 861,ACA,72,139,54310,3746,47.98,3970,2013-2014,Tandil,-37.31680472,-59.13307167,Tandil  2013-2014,Convencional,Normal,52,Directa,64000,02/11/2013,NO,SI
ACA 861,ACA,77,162,,1645,48.51,1752,2013-2014,Villa Ocampo,-28.48278694,-59.36644139,Villa Ocampo  2013-2014,Convencional,Normal,,,,19/09/2013,NO,SI
ACA 861,ACA,64,175,,2953,47.65,3120,2013-2014,Villegas,-35.03371806,-63.01708472,Villegas  2013-2014,Convencional,Normal,,,,27/10/2013,NO,SI
ACA 861,ACA,82,166,49700,3052,47.99,3235,2014-2015,Ceres,-29.88290806,-61.94992972,Ceres  2014-2015,Convencional,Normal,,,,09/09/2014,NO,SI
ACA 884,ACA,73,168,53211,1572,47.2,1654,2004-2005,La Montenegrina,-26.995442,-60.680223,La Montenegrina  2004-2005,Convencional,Normal,,,49000,28/08/2004,NO,SI
ACA 861,ACA,79,139,51273,2418,52.25,2666,2014-2015,Reconquista,-29.14952389,-59.66645806,Reconquista  2014-2015,Convencional,Normal,,,,14/08/2014,NO,SI
ACA 861,ACA,78,155,45818,2602,46.14,2710,2014-2015,Villa Ocampo,-28.48278694,-59.36644139,Villa Ocampo  2014-2015,Convencional,Normal,,,,12/08/2014,NO,SI
ACA 861,ACA,83,164,56248,3920,48.7,4183,2015-2016,Ceres,-29.88290806,-61.94992972,Ceres  2015-2016,Convencional,Normal,,,,27/08/2015,NO,SI
ACA 861,ACA,,160,52305,2975,49.47,3197,2015-2016,Las Breñas,-27.08267861,-61.08321361,Las Breñas  2015-2016,Convencional,Normal,,,,26/08/2015,NO,SI
ACA 861,ACA,85,166,47521,2319,51.75,2545,2015-2016,Reconquista,-29.14952389,-59.66645806,Reconquista  2015-2016,Convencional,Normal,,,,28/08/2015,NO,SI
ACA 861,ACA,91,,,2738,43.98,2792,2015-2016,San Justo,-34.68326694,-58.54971667,San Justo  2015-2016,Convencional,Normal,,,,28/08/2015,NO,SI
ACA 861,ACA,,205,,1598,46.64,1672,2016-2017,Los Frentones,-26.415965,-61.39989583,Los Frentones  2016-2017,Convencional,Normal,,,,08/09/2016,NO,SI
ACA 861,ACA,85,155,,2077,50.7,2258,2016-2017,Reconquista,-29.14952389,-59.66645806,Reconquista  2016-2017,Convencional,Normal,,,,11/08/2016,NO,SI
ACA 861,ACA,,165,,2726,,,2016-2017,Roque Saenz Peña,-26.79932333,-60.44983639,Roque Saenz Peña  2016-2017,Convencional,Normal,,,,12/08/2016,NO,SI
ACA 861,ACA,84,,,3417,50.4,3704,2016-2017,San Justo,-34.68326694,-58.54971667,San Justo  2016-2017,Convencional,Normal,,,,09/08/2016,NO,SI
ACA 862,ACA,76,228,,3330,46.58,3483,2006-2007,Villegas,-35.03371806,-63.01708472,Villegas  2006-2007,Convencional,Normal,,,,19/10/2006,NO,SI
ACA 862 HO,ACA,,,61966,4005,49.53,4307,2007-2008,Anguil,-36.516765,-64.01673306,Anguil  2007-2008,Alto Oleico,Normal,70,Convencional,61000,25/102007,NO,SI
ACA 862 HO,ACA,80,,44973,1534,50.05,1657,2007-2008,Las Toscas,-28.34944556,-59.26643694,Las Toscas  2007-2008,Alto Oleico,Normal,70,Convencional,46000,27/8/2007,NO,SI
ACA 862 HO,ACA,61,180,41446,2000,38.77,1935,2007-2008,Manfredi,-31.83306333,-63.75004361,Manfredi  2007-2008,Alto Oleico,Normal,70,Directa,41000,11/12/2007,NO,SI
ACA 862 HO,ACA,88,163,45503,2839,46.05,2954,2007-2008,Reconquista,-29.14952389,-59.66645806,Reconquista  2007-2008,Alto Oleico,Normal,70,Convencional,45000,24/8/2007,NO,SI
ACA 862 HO,ACA,70,148,59615,2219,48.75,2369,2008-2009,Anguil,-36.516765,-64.01673306,Anguil  2008-2009,Alto Oleico,Normal,70,Directa,57000,27/10/2008,NO,SI
ACA 862 HO,ACA,73,123,58463,1622,46.21,1690,2008-2009,Balcarce,-37.84985917,-58.26744333,Balcarce  2008-2009,Alto Oleico,Normal,70,Directa,56000,28/10/2008,NO,SI
ACA 862 HO,ACA,73,123,58463,1622,46.21,1690,2008-2009,Balcarce,-37.84985917,-58.26744333,Balcarce  2008-2009,Alto Oleico,Normal,70,Directa,56000,28/10/2008,NO,SI
ACA 862 HO,ACA,73,131,45918,2075,44.53,2127,2008-2009,Barrow,-38.311904,-60.231644,Barrow  2008-2009,Alto Oleico,Normal,70,Convencional,45000,6/11/2008,NO,SI
ACA 862 HO,ACA,74,190,,4135,50.21,4474,2008-2009,Bellocq,-35.932778,-61.487778,Bellocq  2008-2009,Alto Oleico,Normal,70,Convencional,,16/10/2008,NO,SI
ACA 862 HO,ACA,74,190,,4135,50.21,4474,2008-2009,Bellocq,-35.932778,-61.487778,Bellocq  2008-2009,Alto Oleico,Normal,70,Convencional,,16/10/2008,NO,SI
ACA 862 HO,ACA,60,170,44883,2455,44.6,2519,2008-2009,Manfredi,-31.83306333,-63.75004361,Manfredi  2008-2009,Alto Oleico,Normal,70,Directa,43000,6/11/2008,NO,SI
ACA 862 HO,ACA,60,170,44883,2455,44.6,2519,2008-2009,Manfredi,-31.83306333,-63.75004361,Manfredi  2008-2009,Alto Oleico,Normal,70,Directa,43000,6/11/2008,NO,SI
ACA 862 HO,ACA,,,,2089,44.6,2143,2008-2009,Parana,-31.73305611,-60.53317889,Parana  2008-2009,Alto Oleico,Normal,,,,7/10/2008,NO,SI
ACA 862 HO,ACA,72,155,,2449,46.95,2570,2008-2009,Pergamino,-33.89989778,-60.58318222,Pergamino  2008-2009,Alto Oleico,Normal,70,Convencional,,29/10/2008,NO,SI
ACA 863,ACA,62,182,64752,4115,51.52,4507,2004-2005,Ascasubi,-39.38364306,-62.6666425,Ascasubi  2004-2005,Convencional,Normal,70,Convencional,65000,21/10/2004,NO,SI
ACA 863,ACA,68,151,57095,2276,48.41,2422,2004-2005,Balcarce,-37.84985917,-58.26744333,Balcarce  2004-2005,Convencional,Tardia,70,Convencional,57000,08/12/2004,NO,SI
ACA 863,ACA,74,152,58095,2978,48.48,3171,2004-2005,Balcarce,-37.84985917,-58.26744333,Balcarce  2004-2005,Convencional,Temprana,70,Convencional,55000,28/10/2004,NO,SI
ACA 863,ACA,73,160,43121,3174,45.71,3292,2004-2005,Barrow,-38.311904,-60.231644,Barrow  2004-2005,Convencional,Normal,70,Convencional,43000,25/10/2004,NO,SI
ACA 863,ACA,61,153,46910,2807,48.14,2979,2004-2005,Bellocq,-35.932778,-61.487778,Bellocq  2004-2005,Convencional,Normal,70,Convencional,46000,24/11/2004,NO,SI
ACA 863,ACA,68,,44229,4183,49.26,4487,2004-2005,Carretero,-38.494876,-59.793151,Carretero  2004-2005,Convencional,Normal,,,,03/11/2004,SI,NO
ACA 863,ACA,69,170,43342,3794,49.23,4068,2004-2005,Coronel Suarez,-37.46683528,-61.93326111,Coronel Suarez  2004-2005,Convencional,Normal,70,Convencional,43000,01/11/2004,NO,SI
ACA 863,ACA,69,162,40650,2741,51.5,3001,2004-2005,Coronel Suarez,-37.46683528,-61.93326111,Coronel Suarez  2004-2005,Convencional,Normal,70,Directa,40000,01/11/2004,SI,NO
ACA 863,ACA,72,161,57235,3382,46.78,3544,2004-2005,Pieres,-38.393776,-58.672387,Pieres  2004-2005,Convencional,Normal,70,Convencional,55000,28/10/2004,NO,NO
ACA 863,ACA,70,,56435,3964,47.85,4196,2004-2005,Tandil,-37.31680472,-59.13307167,Tandil  2004-2005,Convencional,Normal,70,Convencional,55000,02/11/2004,NO,SI
ACA 863,ACA,75,177,50409,2954,48.86,3157,2005-2006,Balcarce,-37.84985917,-58.26744333,Balcarce  2005-2006,Convencional,Normal,70,Directa,54000,07/11/2005,NO,SI
ACA 863,ACA,79,146,53947,2413,48.76,2576,2005-2006,Balcarce,-37.84985917,-58.26744333,Balcarce  2005-2006,Convencional,Normal,70,Convencional,54000,19/10/2005,NO,SI
ACA 863,ACA,70,156,43779,2888,46.98,3032,2005-2006,Barrow,-38.311904,-60.231644,Barrow  2005-2006,Convencional,Normal,70,Convencional,45000,07/11/2005,NO,SI
ACA 863,ACA,76,157,45244,2347,46.37,2450,2005-2006,Bellocq,-35.932778,-61.487778,Bellocq  2005-2006,Convencional,Normal,70,Convencional,46000,31/10/2005,NO,SI
ACA 863,ACA,68,123,54132,3686,49.11,3948,2005-2006,Coronel Suarez,-37.46683528,-61.93326111,Coronel Suarez  2005-2006,Convencional,Normal,70,Convencional,47000,31/10/2005,NO,SI
ACA 863,ACA,69,111,45670,3588,47.55,3787,2005-2006,Coronel Suarez,-37.46683528,-61.93326111,Coronel Suarez  2005-2006,Convencional,Normal,70,Directa,43000,01/11/2005,NO,NO
ACA 863,ACA,73,171,43110,3704,49.9,3997,2005-2006,El Carretero,-38.494876,-59.793151,El Carretero  2005-2006,Convencional,Normal,70,Convencional,,01/11/2005,NO,NO
ACA 863,ACA,63,173,65042,4237,52.66,4689,2005-2006,Hilario Ascasubi,-39.38364306,-62.6666425,Hilario Ascasubi  2005-2006,Convencional,Normal,,,,25/10/2001,NO,SI
ACA 863,ACA,80,169,57932,3176,46.77,3327,2005-2006,Pieres,-38.393776,-58.672387,Pieres  2005-2006,Convencional,Normal,70,Convencional,57000,27/10/2005,NO,SI
ACA 863,ACA,83,,51392,3860,46.1,4018,2005-2006,Tandil,-37.31680472,-59.13307167,Tandil  2005-2006,Convencional,Normal,70,Convencional,54000,03/11/2005,NO,SI
ACA 863,ACA,78,144,72439,2733,45.26,2822,2006-2007,Balcarce,-37.84985917,-58.26744333,Balcarce  2006-2007,Convencional,Normal,70,Convencional,59000,16/10/2006,NO,SI
ACA 863,ACA,63,,65283,2184,45.17,2253,2006-2007,Balcarce,-37.84985917,-58.26744333,Balcarce  2006-2007,Convencional,Tardia,70,Convencional,71000,29/11/2006,NO,SI
ACA 863,ACA,70,151,43264,2532,42.18,2537,2006-2007,Barrow,-38.311904,-60.231644,Barrow  2006-2007,Convencional,Normal,70,Convencional,44000,03/11/2006,NO,SI
ACA 863,ACA,72,164,45136,2814,48.65,3001,2006-2007,Coronel Suarez,-37.46683528,-61.93326111,Coronel Suarez  2006-2007,Convencional,Normal,70,Directa,46000,26/10/2007,NO,NO
ACA 863,ACA,70,179,63983,4598,52.3,5072,2006-2007,Hilario Ascasubi,-39.38364306,-62.6666425,Hilario Ascasubi  2006-2007,Convencional,Normal,,,,25/10/2006,NO,NO
ACA 863,ACA,70,119,54819,1826,42.84,1841,2006-2007,Pieres,-38.393776,-58.672387,Pieres  2006-2007,Convencional,Normal,70,Convencional,57000,01/11/2006,NO,NO
ACA 863,ACA,68,,53271,2758,47.55,2911,2006-2007,Tandil,-37.31680472,-59.13307167,Tandil  2006-2007,Convencional,Normal,70,Convencional,51000,07/11/2006,NO,SI
ACA 863,ACA,72,160,66490,4964,50.55,5388,2007-2008,Ascasubi,-39.38364306,-62.6666425,Ascasubi  2007-2008,Convencional,Normal,70,Convencional,63000,31/10/2007,NO,SI
ACA 863,ACA,67,128,59733,3797,48.72,4052,2007-2008,Balcarce,-37.84985917,-58.26744333,Balcarce  2007-2008,Convencional,Tardia,70,Convencional,60000,22/11/2007,SI,NO
ACA 863,ACA,81,141,60019,3304,49.99,3568,2007-2008,Balcarce,-37.84985917,-58.26744333,Balcarce  2007-2008,Convencional,Normal,70,Convencional,58000,19/10/2007,SI,NO
ACA 863,ACA,76,117,46136,1961,48.1,2081,2007-2008,Barrow,-38.311904,-60.231644,Barrow  2007-2008,Convencional,Normal,70,Convencional,45000,29/10/2007,NO,SI
ACA 863,ACA,73,113,49052,3112,44.28,3183,2007-2008,Bellocq,-35.932778,-61.487778,Bellocq  2007-2008,Convencional,Normal,70,Directa,48000,08/11/2007,NO,SI
ACA 863,ACA,65,180,44714,3106,50.33,3365,2007-2008,Bulnes,-33.51651972,-64.68343278,Bulnes  2007-2008,Convencional,Normal,52,Convencional,50000,24/10/2007,NO,SI
ACA 863,ACA,70,127,41027,3047,50.38,3302,2007-2008,Coronel Suarez,-37.46683528,-61.93326111,Coronel Suarez  2007-2008,Convencional,Normal,70,Convencional,43000,29/10/2007,SI,NO
ACA 863,ACA,76,104,41979,2476,51.31,2707,2007-2008,Coronel Suarez,-37.46683528,-61.93326111,Coronel Suarez  2007-2008,Convencional,Normal,70,Directa,44000,29/10/2007,NO,SI
ACA 863,ACA,76,,,2694,52.32,2972,2007-2008,Daireaux,-36.60010556,-61.74992333,Daireaux  2007-2008,Convencional,Normal,70,Convencional,,02/11/2007,NO,SI
ACA 863,ACA,66,170,,2214,50.82,2409,2007-2008,Gualeguay,-33.14982417,-59.36642722,Gualeguay  2007-2008,Convencional,Normal,52,Directa,,1/10/2007,NO,SI
ACA 863,ACA,60,200,,3107,52,3107,2007-2008,Hansenkamp,-31.4996975,-59.83314111,Hansenkamp  2007-2008,Convencional,Normal,52,Directa,,18/10/2007,NO,NO
ACA 863,ACA,65,155,53379,2871,51.04,3131,2007-2008,Huinca Renanco,-34.83329556,-64.3667525,Huinca Renanco  2007-2008,Convencional,Normal,,,,17/10/2007,NO,NO
ACA 863,ACA,79,164,48273,1887,49.16,2022,2007-2008,Las Toscas,-28.34944556,-59.26643694,Las Toscas  2007-2008,Convencional,Normal,70,Convencional,46000,27/08/2007,NO,NO
ACA 863,ACA,52,170,55358,1780,39.53,1736,2007-2008,Manfredi,-31.83306333,-63.75004361,Manfredi  2007-2008,Convencional,Normal,52,Directa,56000,07/12/2007,NO,SI
ACA 863,ACA,58,175,43481,2783,38.47,2685,2007-2008,Manfredi,-31.83306333,-63.75004361,Manfredi  2007-2008,Convencional,Normal,70,Directa,43000,10/12/2007,NO,SI
ACA 863,ACA,83,150,,3193,51.5,3496,2007-2008,Parana,-31.73305611,-60.53317889,Parana  2007-2008,Convencional,Normal,52,Directa,,26/9/2007,NO,SI
ACA 863,ACA,,,,3446,47.27,3628,2007-2008,Pehuajo,-35.8000275,-61.89993139,Pehuajo  2007-2008,Convencional,Normal,70,Convencional,,30/10/2007,NO,SI
ACA 863,ACA,68,135,,3314,51.38,3625,2007-2008,Pergamino,-33.89989778,-60.58318222,Pergamino  2007-2008,Convencional,Normal,70,Convencional,,12/11/2007,NO,NO
ACA 863,ACA,89,177,46408,2743,47.31,2889,2007-2008,Reconquista,-29.14952389,-59.66645806,Reconquista  2007-2008,Convencional,Normal,70,Convencional,46000,23/08/2007,NO,SI
ACA 863,ACA,63,,60541,3830,49.64,4123,2007-2008,Tandil,-37.31680472,-59.13307167,Tandil  2007-2008,Convencional,Normal,70,Convencional,62000,17/11/2007,NO,SI
ACA 863,ACA,63,155,46467,3936,47.07,4136,2007-2008,Vicuña Mackenna,-33.91655694,-64.38342528,Vicuña Mackenna  2007-2008,Convencional,Normal,70,Directa,41000,25/10/2007,NO,SI
ACA 863,ACA,68,210,,3340,47.63,3528,2007-2008,Villegas,-35.03371806,-63.01708472,Villegas  2007-2008,Convencional,Normal,70,Convencional,,31/10/2007,NO,SI
ACA 863,ACA,70,180,,3958,50.26,4285,2008-2009,Asturias,-36.171533,-61.872622,Asturias  2008-2009,Convencional,Normal,,,,22/10/2008,NO,SI
ACA 863,ACA,73,134,57444,1752,48.57,1867,2008-2009,Balcarce,-37.84985917,-58.26744333,Balcarce  2008-2009,Convencional,Normal,70,Directa,60000,23/10/2008,NO,SI
ACA 863,ACA,68,129,45016,2756,46.42,2878,2008-2009,Barrow,-38.311904,-60.231644,Barrow  2008-2009,Convencional,Normal,70,Convencional,45000,05/11/2008,NO,SI
ACA 863,ACA,74,98,44616,1599,46.59,1672,2008-2009,Bellocq,-35.932778,-61.487778,Bellocq  2008-2009,Convencional,Normal,70,Directa,45000,24/10/2008,NO,SI
ACA 863,ACA,,169,36488,2320,50.7,2522,2008-2009,Bulnes,-33.51651972,-64.68343278,Bulnes  2008-2009,Convencional,Normal,52,Directa,45000,22/10/2008,NO,SI
ACA 863,ACA,66,127,46348,1197,42.5,1203,2008-2009,Coronel Suarez,-37.46683528,-61.93326111,Coronel Suarez  2008-2009,Convencional,Normal,70,Convencional,45000,31/10/2008,NO,SI
ACA 863,ACA,70,140,46063,2169,46.06,2257,2008-2009,Coronel Suarez,-37.46683528,-61.93326111,Coronel Suarez  2008-2009,Convencional,Normal,70,Directa,45000,30/10/2008,NO,SI
ACA 863,ACA,68,173,,3190,,,2008-2009,General Villegas,-35.03371806,-63.01708472,General Villegas  2008-2009,Convencional,Normal,70,Directa,,30/10/2008,NO,SI
ACA 863,ACA,78,103,,1181,49.88,1274,2008-2009,Gualeguaychu,-33.01647778,-58.51637722,Gualeguaychu  2008-2009,Convencional,Normal,,,,04/10/2008,NO,SI
ACA 863,ACA,,138,31049,1775,49.4,1906,2008-2009,Huinca Renanco,-34.83329556,-64.3667525,Huinca Renanco  2008-2009,Convencional,Normal,70,Directa,30000,21/10/2008,NO,SI
ACA 863,ACA,72,,48782,2997,52.56,3313,2008-2009,Intendente Alvear,-35.24999,-63.566695,Intendente Alvear  2008-2009,Convencional,Normal,70,Directa,52000,31/10/2008,NO,SI
ACA 863,ACA,,,47534,982,41.76,980,2008-2009,Las Toscas,-28.34944556,-59.26643694,Las Toscas  2008-2009,Convencional,Normal,70,Convencional,45000,23/08/2008,NO,SI
ACA 863,ACA,58,155,44608,2232,46.3,2328,2008-2009,Manfredi,-31.83306333,-63.75004361,Manfredi  2008-2009,Convencional,Normal,52,Directa,43000,03/11/2008,NO,SI
ACA 863,ACA,58,179,41045,2874,50.1,3107,2008-2009,Manfredi,-31.83306333,-63.75004361,Manfredi  2008-2009,Convencional,Normal,70,Directa,43000,05/11/2008,NO,SI
ACA 863,ACA,76,,,3692,49.35,3963,2008-2009,Miramar,-38.25021556,-57.83298972,Miramar  2008-2009,Convencional,Normal,70,Convencional,45000,31/10/2008,NO,SI
ACA 863,ACA,71,190,,2469,50.25,2673,2008-2009,Parana,-31.73305611,-60.53317889,Parana  2008-2009,Convencional,Normal,,,,07/10/2008,NO,SI
ACA 863,ACA,79,108,48571,2582,49.39,2773,2008-2009,Pieres,-38.393776,-58.672387,Pieres  2008-2009,Convencional,Normal,52,Directa,56000,30/10/2008,NO,SI
ACA 863,ACA,70,156,,2475,50.61,2688,2008-2009,Rafaela,-31.26634222,-61.48323694,Rafaela  2008-2009,Convencional,Normal,,Directa,,20/10/2008,NO,SI
ACA 863,ACA,68,150,35455,1119,50.08,1209,2008-2009,Rancul,-35.0666525,-64.68345083,Rancul  2008-2009,Convencional,Normal,52,Directa,42000,4/11/2008,NO,SI
ACA 863,ACA,80,148,46472,2233,51.24,2439,2008-2009,Reconquista,-29.14952389,-59.66645806,Reconquista  2008-2009,Convencional,Normal,70,Directa,47000,24/8/2008,NO,SI
ACA 863,ACA,65,135,,1901,47.92,2014,2008-2009,Rocamora,-32.345084,-58.972316,Rocamora  2008-2009,Convencional,Normal,,,,09/10/2008,NO,SI
ACA 863,ACA,70,144,,4228,54.04,4737,2008-2009,Tandil,-37.31680472,-59.13307167,Tandil  2008-2009,Convencional,Normal,70,Convencional,58000,31/10/2008,NO,SI
ACA 863,ACA,,,,802,45.68,832,2008-2009,Tres Lomas,-36.46674694,-62.86666194,Tres Lomas  2008-2009,Convencional,Normal,70,Convencional,,06/11/2008,NO,SI
ACA 863,ACA,,169,40058,2934,,,2008-2009,Vicuña Mackenna,-33.91655694,-64.38342528,Vicuña Mackenna  2008-2009,Convencional,Normal,70,Directa,46000,12/11/2008,NO,SI
ACA 863,ACA,56,154,63485,2567,50.6,2788,2009-2010,Balcarce,-37.84985917,-58.26744333,Balcarce  2009-2010,Convencional,Normal,52,Directa,50000,24/11/2009,NO,SI
ACA 863,ACA,68,164,41689,3003,49.3,3222,2009-2010,Balcarce,-37.84985917,-58.26744333,Balcarce  2009-2010,Convencional,Normal,52,Directa,50000,22/10/2009,NO,SI
ACA 863,ACA,66,,41442,1566,50.65,1701,2009-2010,Barrow,-38.311904,-60.231644,Barrow  2009-2010,Convencional,Normal,52,Directa,,29/10/2009,NO,SI
ACA 863,ACA,74,158,55102,4501,56.7,5163,2009-2010,Bellocq,-35.932778,-61.487778,Bellocq  2009-2010,Convencional,Normal,52,Directa,50000,20/10/2009,NO,SI
ACA 863,ACA,59,147,46494,2243,45.09,2312,2009-2010,Coronel Suarez,-37.46683528,-61.93326111,Coronel Suarez  2009-2010,Convencional,Normal,52,Directa,48000,02/11/2009,NO,SI
ACA 863,ACA,62,163,43295,2123,51.3,2320,2009-2010,Coronel Suarez,-37.46683528,-61.93326111,Coronel Suarez  2009-2010,Convencional,Normal,52,Convencional,48000,03/11/2009,NO,SI
ACA 863,ACA,71,155,,2788,48.85,2979,2009-2010,Miramar,-38.25021556,-57.83298972,Miramar  2009-2010,Convencional,Normal,52,Convencional,50000,31/10/2009,NO,SI
ACA 863,ACA,65,144,54310,2993,51.56,3279,2009-2010,Pieres,-38.393776,-58.672387,Pieres  2009-2010,Convencional,Normal,52,Directa,48000,29/10/2009,NO,SI
ACA 863,ACA,62,159,,2514,54.12,2819,2009-2010,Tandil,-37.31680472,-59.13307167,Tandil  2009-2010,Convencional,Normal,52,Directa,50000,06/11/2009,NO,SI
ACA 864 DM,ACA,71,194,72550,4471,47.27,4707,2003-2004,Ascasubi,-39.38364306,-62.6666425,Ascasubi  2003-2004,Convencional,Normal,70,Convencional,66000,22/10/2003,NO,SI
ACA 864 DM,ACA,65,163,52819,3240,46.35,3381,2003-2004,Balcarce,-37.84985917,-58.26744333,Balcarce  2003-2004,Convencional,Tardia,70,Convencional,46000,11/12/2003,NO,SI
ACA 864 DM,ACA,78,155,56387,2559,47.29,2694,2003-2004,Balcarce,-37.84985917,-58.26744333,Balcarce  2003-2004,Convencional,Temprana,70,Convencional,54000,29/10/2003,NO,SI
ACA 864 DM,ACA,75,183,58341,3322,49.72,3578,2003-2004,Balcarce,-37.84985917,-58.26744333,Balcarce  2003-2004,Convencional,Normal,70,Directa,46000,04/11/2003,NO,SI
ACA 864 DM,ACA,74,141,45316,1905,44.89,1960,2003-2004,Barrow,-38.311904,-60.231644,Barrow  2003-2004,Convencional,Normal,70,Convencional,,31/10/2003,NO,SI
ACA 864 DM,ACA,70,139,43693,2540,47.52,2680,2003-2004,Bellocq,-35.932778,-61.487778,Bellocq  2003-2004,Convencional,Normal,70,Convencional,43000,04/11/2003,NO,SI
ACA 864 DM,ACA,68,179,45482,3970,49.07,4251,2003-2004,Carretero,-38.494876,-59.793151,Carretero  2003-2004,Convencional,Normal,,,,20/11/2003,NO,SI
ACA 864 DM,ACA,73,152,51935,4152,46.66,4345,2003-2004,Coronel Suarez,-37.46683528,-61.93326111,Coronel Suarez  2003-2004,Convencional,Normal,70,Convencional,53000,04/11/2003,NO,SI
ACA 864 DM,ACA,71,163,52569,4340,47.52,4580,2003-2004,Coronel Suarez,-37.46683528,-61.93326111,Coronel Suarez  2003-2004,Convencional,Normal,70,Directa,53000,04/11/2003,NO,SI
ACA 864 DM,ACA,77,175,60701,3220,48.7,3436,2003-2004,Pieres,-38.393776,-58.672387,Pieres  2003-2004,Convencional,Normal,70,Convencional,61000,27/10/2003,NO,SI
ACA 864 DM,ACA,86,171,46627,4122,46.4,4303,2003-2004,Reconquista,-29.14952389,-59.66645806,Reconquista  2003-2004,Convencional,Normal,,,,13/08/2003,NO,SI
ACA 864 DM,ACA,80,,53044,3333,47.05,3501,2003-2004,Tandil,-37.31680472,-59.13307167,Tandil  2003-2004,Convencional,Normal,70,Convencional,50000,08/11/2003,NO,SI
ACA 864 DM,ACA,68,160,60944,2077,47.3,2187,2004-2005,Balcarce,-37.84985917,-58.26744333,Balcarce  2004-2005,Convencional,Tardia,70,Convencional,57000,08/12/2004,SI,NO
ACA 864 DM,ACA,74,161,57143,2734,45.51,2830,2004-2005,Balcarce,-37.84985917,-58.26744333,Balcarce  2004-2005,Convencional,Temprana,70,Convencional,55000,28/10/2004,NO,SI
ACA 864 DM,ACA,73,170,41911,2771,44.51,2841,2004-2005,Barrow,-38.311904,-60.231644,Barrow  2004-2005,Convencional,Normal,70,Convencional,43000,25/10/2004,NO,SI
ACA 864 DM,ACA,61,154,46427,3106,45.71,3221,2004-2005,Bellocq,-35.932778,-61.487778,Bellocq  2004-2005,Convencional,Normal,70,Convencional,46000,24/11/2004,NO,SI
ACA 864 DM,ACA,68,,43349,3698,46.03,3847,2004-2005,Carretero,-38.494876,-59.793151,Carretero  2004-2005,Convencional,Normal,,,,03/11/2004,NO,SI
ACA 864 DM,ACA,69,188,46923,3936,45.64,4079,2004-2005,Coronel Suarez,-37.46683528,-61.93326111,Coronel Suarez  2004-2005,Convencional,Normal,70,Convencional,43000,01/11/2004,NO,SI
ACA 864 DM,ACA,69,178,38618,3557,47.49,3752,2004-2005,Coronel Suarez,-37.46683528,-61.93326111,Coronel Suarez  2004-2005,Convencional,Normal,70,Directa,40000,01/11/2004,NO,SI
ACA 864 DM,ACA,71,182,58371,3617,46.28,3772,2004-2005,Pieres,-38.393776,-58.672387,Pieres  2004-2005,Convencional,Normal,70,Convencional,55000,28/10/2004,NO,SI
ACA 864 DM,ACA,71,,57862,3970,47.17,4175,2004-2005,Tandil,-37.31680472,-59.13307167,Tandil  2004-2005,Convencional,Normal,70,Convencional,55000,02/11/2004,NO,NO
ACA 864 DM,ACA,74,174,64916,2167,47,2167,2005-2006,Balcarce,-37.84985917,-58.26744333,Balcarce  2005-2006,Convencional,Normal,70,Directa,54000,07/11/2005,NO,SI
ACA 864 DM,ACA,81,131,57863,3250,45.04,3349,2005-2006,Balcarce,-37.84985917,-58.26744333,Balcarce  2005-2006,Convencional,Normal,70,Convencional,54000,19/10/2005,NO,SI
ACA 864 DM,ACA,72,167,46261,2753,44.49,2822,2005-2006,Barrow,-38.311904,-60.231644,Barrow  2005-2006,Convencional,Normal,70,Convencional,45000,07/11/2005,NO,SI
ACA 864 DM,ACA,75,156,44969,2547,44.1,2600,2005-2006,Bellocq,-35.932778,-61.487778,Bellocq  2005-2006,Convencional,Normal,70,Convencional,46000,31/10/2005,NO,SI
ACA 864 DM,ACA,68,134,45739,3227,44.92,3321,2005-2006,Coronel Suarez,-37.46683528,-61.93326111,Coronel Suarez  2005-2006,Convencional,Normal,70,Convencional,47000,31/10/2005,NO,SI
ACA 864 DM,ACA,69,114,48167,4005,46.55,4187,2005-2006,Coronel Suarez,-37.46683528,-61.93326111,Coronel Suarez  2005-2006,Convencional,Normal,70,Directa,43000,01/11/2005,NO,SI
ACA 864 DM,ACA,73,174,45445,3639,46.97,3820,2005-2006,El Carretero,-38.494876,-59.793151,El Carretero  2005-2006,Convencional,Normal,70,Convencional,,01/11/2005,NO,SI
ACA 864 DM,ACA,64,175,64303,4311,49.22,4622,2005-2006,Hilario Ascasubi,-39.38364306,-62.6666425,Hilario Ascasubi  2005-2006,Convencional,Normal,,,,25/10/2001,NO,SI
ACA 864 DM,ACA,78,171,61227,3144,45.07,3241,2005-2006,Pieres,-38.393776,-58.672387,Pieres  2005-2006,Convencional,Normal,70,Convencional,57000,27/10/2005,NO,SI
ACA 864 DM,ACA,84,,53247,3351,44.4,3431,2005-2006,Tandil,-37.31680472,-59.13307167,Tandil  2005-2006,Convencional,Normal,70,Convencional,54000,03/11/2005,NO,SI
ACA 865,ACA,53,170,54945,3502,52.56,3872,2010-2011,Anguil,-36.516765,-64.01673306,Anguil  2010-2011,Convencional,Normal,52,Directa,45000,19/11/2010,NO,SI
ACA 865,ACA,65,168,54754,2443,48.84,2610,2010-2011,Balcarce,-37.84985917,-58.26744333,Balcarce  2010-2011,Convencional,Normal,52,Directa,53000,24/11/2010,NO,SI
ACA 865,ACA,74,139,56757,2817,53.83,3150,2010-2011,Balcarce,-37.84985917,-58.26744333,Balcarce  2010-2011,Convencional,Normal,52,Directa,55000,22/10/2010,NO,SI
ACA 865,ACA,72,140,,3002,54.6,3380,2010-2011,Barrow,-38.311904,-60.231644,Barrow  2010-2011,Convencional,Normal,52,Directa,45000,25/10/2010,NO,SI
ACA 865,ACA,78,,,2908,54.84,3281,2010-2011,Bellocq,-35.932778,-61.487778,Bellocq  2010-2011,Convencional,Normal,52,Directa,45000,19/10/2010,NO,SI
ACA 865,ACA,62,,47988,3423,52.53,3783,2010-2011,Carhue,-37.16680111,-62.73331667,Carhue  2010-2011,Convencional,Normal,70,Convencional,45000,04/11/2010,NO,SI
ACA 865,ACA,67,191,43590,2409,57.87,2791,2010-2011,General Belgrano,-35.7666875,-58.4997,General Belgrano  2010-2011,Convencional,Normal,52,Directa,50000,20/10/2010,NO,SI
ACA 865,ACA,75,146,45068,3361,55.5,3815,2010-2011,General Madariaga,-37.00011778,-57.13295222,General Madariaga  2010-2011,Convencional,Normal,70,Convencional,48000,20/10/2010,NO,SI
ACA 865,ACA,,,61905,3137,53.36,3493,2010-2011,Miramar,-38.25021556,-57.83298972,Miramar  2010-2011,Convencional,Normal,52,Directa,48000,28/10/2010,NO,SI
ACA 865,ACA,77,123,54286,3224,55.2,3650,2010-2011,Pieres,-38.393776,-58.672387,Pieres  2010-2011,Convencional,Normal,52,Directa,50000,25/10/2010,NO,SI
ACA 865,ACA,67,186,51082,3273,56.71,3754,2010-2011,Tandil,-37.31680472,-59.13307167,Tandil  2010-2011,Convencional,Normal,52,Directa,48000,13/11/2010,NO,SI
ACA 865,ACA,,,49999,1368,51.18,1494,2010-2011,Villa Mirasol,-36.10005167,-63.88339056,Villa Mirasol  2010-2011,Convencional,Normal,,,,,NO,SI
ACA 866 HO,ACA,62,,50359,1576,49.11,1688,2010-2011,Intendente Alvear,-35.24999,-63.566695,Intendente Alvear  2010-2011,Alto Oleico,Normal,52,Directa,48000,01/11/2011,NO,SI
ACA 866 HO,ACA,66,134,46367,1878,49.09,2011,2011-2012,Anguil,-36.516765,-64.01673306,Anguil  2011-2012,Convencional,Normal,52,Directa,47000,27/10/2011,NO,SI
ACA 866 HO,ACA,72,163,54514,2729,49.55,2935,2011-2012,Balcarce,-37.84985917,-58.26744333,Balcarce  2011-2012,Alto Oleico,Normal,52,Directa,57000,27/10/2011,NO,SI
ACA 866 HO,ACA,76,169,,1894,42.16,1897,2011-2012,Barrow,-38.311904,-60.231644,Barrow  2011-2012,Alto Oleico,Normal,52,Directa,45000,26/10/2011,NO,SI
ACA 866 HO,ACA,,,64239,1925,43.5,1954,2011-2012,Manfredi,-31.83306333,-63.75004361,Manfredi  2011-2012,Convencional,Normal,,,,25/11/2011,NO,SI
ACA 866 HO,ACA,79,155,56548,2821,,,2011-2012,Miramar,-38.25021556,-57.83298972,Miramar  2011-2012,Convencional,Normal,52,Directa,53000,27/10/2011,NO,SI
ACA 866 HO,ACA,81,183,,2996,52.16,3300,2011-2012,Reconquista,-29.14952389,-59.66645806,Reconquista  2011-2012,Convencional,Normal,,,,07/09/2011,NO,SI
ACA 866 HO,ACA,77,170,53640,2949,55.14,3336,2011-2012,Tandil,-37.31680472,-59.13307167,Tandil  2011-2012,Convencional,Normal,52,Directa,57000,26/10/2010,NO,SI
ACA 866 HO,ACA,,,,1157,48.9,1237,2011-2012,Vicuña Mackenna,-33.91655694,-64.38342528,Vicuña Mackenna  2011-2012,Convencional,Normal,,,,22/10/2011,NO,SI
ACA 866 HO,ACA,54,171,,3146,51.73,3452,2012-2013,Anguil,-36.516765,-64.01673306,Anguil  2012-2013,Convencional,Normal,52,Directa,47000,07/11/2012,NO,SI
ACA 866 HO,ACA,65,172,55361,2795,51.96,3073,2012-2013,Balcarce,-37.84985917,-58.26744333,Balcarce  2012-2013,Tardia,Normal,52,Directa,54000,29/11/2012,NO,SI
ACA 866 HO,ACA,,141,35510,2731,50.77,2971,2012-2013,Barrow,-38.311904,-60.231644,Barrow  2012-2013,Convencional,Normal,52,Directa,34000,02/11/2012,NO,SI
ACA 866 HO,ACA,70,152,,3606,53.47,4020,2012-2013,Bellocq,-35.932778,-61.487778,Bellocq  2012-2013,Convencional,Normal,52,Directa,45000,20/10/2012,NO,SI
ACA 866 HO,ACA,,,47984,2155,49.34,2313,2012-2013,Bulnes,-33.51651972,-64.68343278,Bulnes  2012-2013,Convencional,Normal,,,,07/11/2012,NO,SI
ACA 866 HO,ACA,,,47984,2155,49.34,2313,2012-2013,Bulnes,-33.51651972,-64.68343278,Bulnes  2012-2013,Convencional,Normal,,,,07/11/2012,NO,SI
ACA 866 HO,ACA,,,41615,3991,52.01,4390,2012-2013,Huinca Renanco,-34.83329556,-64.3667525,Huinca Renanco  2012-2013,Convencional,Normal,,,,30/11/2012,NO,SI
ACA 866 HO,ACA,58,185,,4532,53.39,5048,2012-2013,Intendente Alvear,-35.24999,-63.566695,Intendente Alvear  2012-2013,Convencional,Normal,52,Directa,49000,01/11/2012,NO,SI
ACA 866 HO,ACA,59,157,48271,2949,48.73,3147,2012-2013,Manfredi,-31.83306333,-63.75004361,Manfredi  2012-2013,Convencional,Normal,,,,24/11/2012,NO,SI
ACA 866 HO,ACA,55,147,37997,2375,47.44,2504,2012-2013,Manfredi,-31.83306333,-63.75004361,Manfredi  2012-2013,Convencional,Normal,,,,26/11/2012,NO,SI
ACA 866 HO,ACA,74,188,,2120,53.74,2369,2012-2013,Reconquista,-29.14952389,-59.66645806,Reconquista  2012-2013,Convencional,Normal,,,,11/09/2012,NO,SI
ACA 866 HO,ACA,70,171,41667,2735,49.97,2953,2012-2013,Tandil,-37.31680472,-59.13307167,Tandil  2012-2013,Convencional,Normal,52,Directa,40000,17/11/2012,NO,SI
ACA 867,ACA,54,161,,3545,51.51,3882,2012-2013,Anguil,-36.516765,-64.01673306,Anguil  2012-2013,Convencional,Normal,52,Directa,47000,07/11/2012,NO,SI
ACA 867,ACA,66,172,55361,3083,51.31,3370,2012-2013,Balcarce,-37.84985917,-58.26744333,Balcarce  2012-2013,Tardia,Normal,52,Directa,54000,29/11/2012,NO,SI
ACA 867,ACA,,154,34364,2764,50.59,3001,2012-2013,Barrow,-38.311904,-60.231644,Barrow  2012-2013,Convencional,Normal,52,Directa,34000,02/11/2012,NO,SI
ACA 867,ACA,70,157,,3824,50.81,4161,2012-2013,Bellocq,-35.932778,-61.487778,Bellocq  2012-2013,Convencional,Normal,52,Directa,45000,20/10/2012,NO,NO
ACA 867,ACA,,,45497,2459,46.02,2558,2012-2013,Bulnes,-33.51651972,-64.68343278,Bulnes  2012-2013,Convencional,Normal,,,,07/11/2012,SI,NO
ACA 867,ACA,,,45497,2459,46.02,2558,2012-2013,Bulnes,-33.51651972,-64.68343278,Bulnes  2012-2013,Convencional,Normal,,,,07/11/2012,SI,NO
ACA 867,ACA,,,,1827,50.1,1975,2012-2013,Carhue,-37.16680111,-62.73331667,Carhue  2012-2013,Convencional,Normal,52,Directa,46000,13/11/2012,SI,NO
ACA 867,ACA,71,164,43699,4156,53.46,4632,2012-2013,Coronel Suarez,-37.46683528,-61.93326111,Coronel Suarez  2012-2013,Convencional,Normal,52,Directa,43000,31/10/2012,NO,SI
ACA 867,ACA,81,177,57120,3950,52.36,4359,2012-2013,General Madariaga,-37.00011778,-57.13295222,General Madariaga  2012-2013,Convencional,Normal,70,Convencional,57000,12/10/2012,NO,SI
ACA 867,ACA,,,46985,4087,50.5,4434,2012-2013,Huinca Renanco,-34.83329556,-64.3667525,Huinca Renanco  2012-2013,Convencional,Normal,,,,30/11/2012,NO,SI
ACA 867,ACA,57,178,,4772,52.61,5278,2012-2013,Intendente Alvear,-35.24999,-63.566695,Intendente Alvear  2012-2013,Convencional,Normal,52,Directa,49000,01/11/2012,NO,SI
ACA 885,ACA,76,171,51527,1491,47.6,1574,2004-2005,La Montenegrina,-26.995442,-60.680223,La Montenegrina  2004-2005,Convencional,Normal,,,49000,28/08/2004,NO,SI
ACA 867,ACA,59,145,59921,3183,46.41,3323,2012-2013,Manfredi,-31.83306333,-63.75004361,Manfredi  2012-2013,Convencional,Normal,,,,24/11/2012,NO,SI
ACA 867,ACA,68,155,39902,2530,48.45,2693,2012-2013,Manfredi,-31.83306333,-63.75004361,Manfredi  2012-2013,Convencional,Normal,,,,26/11/2012,NO,SI
ACA 867,ACA,68,182,,2475,53.36,2756,2012-2013,Reconquista,-29.14952389,-59.66645806,Reconquista  2012-2013,Convencional,Normal,,,,11/09/2012,NO,SI
ACA 867,ACA,,,,1789,48.47,1905,2012-2013,Sachajov,-26.68265111,-61.83326778,Sachajov  2012-2013,Convencional,Normal,,,,17/08/2012,NO,SI
ACA 867,ACA,70,166,37500,2434,49.46,2616,2012-2013,Tandil,-37.31680472,-59.13307167,Tandil  2012-2013,Convencional,Normal,52,Directa,40000,17/11/2012,SI,NO
ACA 867,ACA,70,209,,3735,55.55,4241,2012-2013,Trenque Lauquen,-35.96671,-62.73331972,Trenque Lauquen  2012-2013,Convencional,Normal,,,,26/10/2012,SI,NO
ACA 867,ACA,76,170,,1853,52.37,2045,2012-2013,Villa Ocampo,-28.48278694,-59.36644139,Villa Ocampo  2012-2013,Convencional,Normal,,,,07/09/2012,SI,NO
ACA 867,ACA,62,178,,4298,43.74,4373,2012-2013,Villegas,-35.03371806,-63.01708472,Villegas  2012-2013,Convencional,Normal,,,,12/11/2012,NO,SI
ACA 867,ACA,61,139,52885,1726,47.36,1819,2013-2014,Anguil,-36.516765,-64.01673306,Anguil  2013-2014,Convencional,Normal,52,Directa,47000,05/11/2013,NO,SI
ACA 867,ACA,,142,,2476,49.81,2669,2013-2014,Bolívar,-36.23340306,-61.11654167,Bolívar  2013-2014,Convencional,Normal,,,,04/11/2013,NO,SI
ACA 867,ACA,80,,,3469,52.84,3845,2013-2014,Daireaux,-36.60010556,-61.74992333,Daireaux  2013-2014,Convencional,Normal,,,,24/10/2013,NO,SI
ACA 867,ACA,62,152,51282,3090,47.96,3274,2013-2014,Intendente Alvear,-35.24999,-63.566695,Intendente Alvear  2013-2014,Convencional,Normal,52,Directa,49000,07/11/2013,NO,SI
ACA 886,ACA,76,171,49789,1536,45.4,1588,2004-2005,La Montenegrina,-26.995442,-60.680223,La Montenegrina  2004-2005,Convencional,Normal,,,49000,28/08/2004,NO,SI
ACA 867,ACA,69,150,54121,3539,54.8,3992,2013-2014,Pieres,-38.393776,-58.672387,Pieres  2013-2014,Convencional,Normal,52,Directa,56000,04/11/2013,NO,SI
ACA 867,ACA,80,160,46545,1572,50.01,1698,2013-2014,Reconquista,-29.14952389,-59.66645806,Reconquista  2013-2014,Convencional,Normal,,,,19/09/2013,NO,SI
ACA 867,ACA,79,132,,1512,45.72,1568,2013-2014,San Justo,-34.68326694,-58.54971667,San Justo  2013-2014,Convencional,Normal,,,,21/09/2013,NO,SI
ACA 867,ACA,76,163,,1762,50.03,1903,2013-2014,Villa Ocampo,-28.48278694,-59.36644139,Villa Ocampo  2013-2014,Convencional,Normal,,,,19/09/2013,NO,SI
ACA 867,ACA,64,173,,3553,52.16,3914,2013-2014,Villegas,-35.03371806,-63.01708472,Villegas  2013-2014,Convencional,Normal,,,,27/10/2013,NO,SI
ACA 867,ACA,53,130,59295,5133,50.56,5572,2014-2015,Anguil,-36.516765,-64.01673306,Anguil  2014-2015,Convencional,Normal,52,Directa,46000,12/11/2014,NO,NO
ACA 867,ACA,76,150,,3661,50.78,3982,2014-2015,Asturias,-36.171533,-61.872622,Asturias  2014-2015,Convencional,Normal,,,,20/10/2014,NO,SI
ACA 867,ACA,63,,51423,2818,49.25,3022,2014-2015,Balcarce,-37.84985917,-58.26744333,Balcarce  2014-2015,Convencional,Tardia,52,Directa,53000,01/12/2014,NO,SI
ACA 867,ACA,63,124,,1130,,,2014-2015,Barrow,-38.311904,-60.231644,Barrow  2014-2015,Convencional,Segunda,52,Directa,45000,06/01/2015,NO,SI
ACA 867,ACA,63,2,,2815,55.02,3182,2014-2015,Barrow,-38.311904,-60.231644,Barrow  2014-2015,Convencional,Tardia,52,Directa,45000,09/12/2014,NO,SI
ACA 867,ACA,72,170,,3373,51.35,3688,2014-2015,Barrow,-38.311904,-60.231644,Barrow  2014-2015,Convencional,Normal,52,Directa,45000,31/10/2014,NO,SI
ACA 867,ACA,77,161,,3835,53.9,4291,2014-2015,Bellocq,-35.932778,-61.487778,Bellocq  2014-2015,Convencional,Normal,52,Directa,46000,23/10/2014,NO,SI
ACA 867,ACA,71,150,45279,3489,48.22,3706,2014-2015,Coronel Suarez,-37.46683528,-61.93326111,Coronel Suarez  2014-2015,Convencional,Normal,52,Directa,45000,31/10/2014,NO,SI
ACA 867,ACA,71,159,49689,3138,50.86,3416,2014-2015,Madariaga,-37.00011778,-57.13295222,Madariaga  2014-2015,Convencional,Normal,,,,05/11/2014,NO,SI
ACA 867,ACA,80,,38571,3346,53.28,3723,2014-2015,Miramar,-38.25021556,-57.83298972,Miramar  2014-2015,Convencional,Normal,52,Directa,37000,21/10/2014,NO,SI
ACA 867,ACA,79,148,56190,4165,44.79,4281,2014-2015,Pieres,-38.393776,-58.672387,Pieres  2014-2015,Convencional,Normal,52,Directa,54000,30/10/2014,NO,SI
ACA 867,ACA,67,158,,4246,49.75,4575,2014-2015,Rauch,-36.78343389,-59.08307528,Rauch  2014-2015,Convencional,Normal,52,Directa,45000,08/11/2014,NO,SI
ACA 867,ACA,70,153,,3037,53.07,3373,2014-2015,Tandil,-37.31680472,-59.13307167,Tandil  2014-2015,Convencional,Normal,52,Directa,48000,14/11/2014,NO,SI
ACA 867,ACA,74,159,,4801,47.49,5065,2014-2015,Trenque Lauquen,-35.96671,-62.73331972,Trenque Lauquen  2014-2015,Convencional,Normal,,,,20/10/2014,NO,SI
ACA 868 HO,ACA,,175,,2350,51.52,2574,2015-2016,Anguil,-36.516765,-64.01673306,Anguil  2015-2016,Convencional,Normal,52,Directa,60000,14/11/2015,NO,SI
ACA 868 HO,ACA,74,198,,3906,52.33,4309,2015-2016,Asturias,-36.171533,-61.872622,Asturias  2015-2016,Convencional,Normal,,,,31/10/2015,NO,SI
ACA 868 HO,ACA,66,123,55741,2374,47.78,2511,2015-2016,Balcarce,-37.84985917,-58.26744333,Balcarce  2015-2016,Convencional,Tardia,52,Directa,53000,01/12/2015,NO,SI
ACA 868 HO,ACA,72,138,49470,2611,53.71,2917,2015-2016,Balcarce,-37.84985917,-58.26744333,Balcarce  2015-2016,Convencional,Normal,52,Directa,45000,28/10/2015,NO,SI
ACA 868 HO,ACA,73,166,,3447,51.11,3761,2015-2016,Barrow,-38.311904,-60.231644,Barrow  2015-2016,Convencional,Normal,52,Directa,44000,05/11/2015,NO,SI
ACA 868 HO,ACA,78,189,,3353,49.47,3603,2015-2016,Bellocq,-35.932778,-61.487778,Bellocq  2015-2016,Convencional,Normal,52,Directa,46000,02/11/2015,NO,SI
ACA 868 HO,ACA,72,,,3720,53.28,4140,2015-2016,Bolívar,-36.23340306,-61.11654167,Bolívar  2015-2016,Convencional,Normal,,,,20/10/2015,NO,SI
ACA 868 HO,ACA,,,,3885,52.86,4307,2015-2016,Bordenave,-37.81685778,-63.03333306,Bordenave  2015-2016,Convencional,Normal,,,,04/11/2015,NO,SI
ACA 868 HO,ACA,72,184,41063,3678,51.73,4036,2015-2016,Coronel Suarez,-37.46683528,-61.93326111,Coronel Suarez  2015-2016,Convencional,Normal,52,Directa,39000,23/10/2015,NO,SI
ACA 868 HO,ACA,75,155,66468,4443,53.23,4942,2015-2016,Pieres,-38.393776,-58.672387,Pieres  2015-2016,Convencional,Normal,52,Directa,59000,03/11/2015,NO,SI
ACA 868 HO,ACA,65,187,,4165,46.43,4350,2015-2016,Trenque Lauquen,-35.96671,-62.73331972,Trenque Lauquen  2015-2016,Convencional,Normal,,,,30/10/2015,NO,SI
ACA 868 HO,ACA,56,124,52885,2648,51.57,2901,2016-2017,Anguil,-36.516765,-64.01673306,Anguil  2016-2017,Convencional,Normal,52,Directa,49000,10/11/2016,NO,SI
ACA 868 HO,ACA,67,,,3632,48.34,3862,2016-2017,Asturias,-36.171533,-61.872622,Asturias  2016-2017,Convencional,Normal,,,,03/11/2016,NO,SI
ACA 868 HO,ACA,,,,1766,,,2016-2017,Balcarce,-37.84985917,-58.26744333,Balcarce  2016-2017,Convencional,Normal,52,Directa,50000,,NO,SI
ACA 868 HO,ACA,79,118,46620,2662,47.93,2820,2016-2017,Balcarce,-37.84985917,-58.26744333,Balcarce  2016-2017,Convencional,Normal,52,Directa,50000,,NO,SI
